isin,gvkey,cusip,hqcountrycode,year,cc_expo_ew,cc_risk_ew,cc_pos_ew,cc_neg_ew,cc_sent_ew,cusip8
ARGCLA010015,287136.0,,AR,2019,0.0003234152652005,0.0,0.000646830530401,0.0,0.000646830530401,
ARP331091024,201336.0,,AR,2022,0.0025747206607274,0.0,0.0007666433558041,-0.0003387533875338,0.0004278899682702,
ARP9028N1016,29194.0,,AR,2011,0.0008190122432514,0.0,0.0,-0.0003143767456744,-0.0003143767456744,
AU0000008641,327356.0,,AU,2019,0.0006896551724137,0.0,0.0,0.0,0.0,
AU000000AGL7,100251.0,,AU,2023,0.009698919948984,0.0002581379432528,0.004315517294677,-0.0041905367813329,0.0001249805133442,
AU000000AHY8,317892.0,,AU,2018,0.0007843763087062,0.0,0.0002726281352235,-0.0005117481734827,-0.0002391200382592,
AU000000APX3,318978.0,,AU,2023,0.0004412088713547,0.0,0.0001637733377006,-0.0001637733377006,0.0,
AU000000ATL0,322763.0,,AU,2022,0.0007980441466474,0.0002804262478968,0.0,-0.0005608524957936,-0.0005608524957936,
AU000000AWC3,16560.0,,AU,2016,0.0006237006237006,0.0,0.0,-0.0002079002079002,-0.0002079002079002,
AU000000AWC3,16560.0,,AU,2019,0.0019918376090056,0.0,0.0002415458937198,-0.0019918376090056,-0.0017502917152858,
AU000000BGA8,298675.0,,AU,2024,0.0006364022061943,0.0,0.0002121340687314,0.0,0.0002121340687314,
AU000000BLD2,234876.0,,AU,2017,0.0008187134502923,0.0,0.0,-0.0004678362573099,-0.0004678362573099,
AU000000BOQ8,200575.0,,AU,2019,0.0003874598847043,0.0002803476310625,0.0,-0.0004205214465937,-0.0004205214465937,
AU000000BSL0,252290.0,,AU,2012,0.0010552055624176,0.0001621796951021,0.0001421666192777,-0.0008108984755108,-0.000668731856233,
AU000000CDD7,270850.0,,AU,2013,0.0007094714437743,0.0,0.0003547357218871,0.0,0.0003547357218871,
AU000000COH5,212635.0,,AU,2018,0.0002173913043478,0.0,0.0,-0.0002173913043478,-0.0002173913043478,
AU000000CWP1,211554.0,,AU,2023,0.0019320506795406,0.0,0.0002527805864509,-0.0002934272300469,-4.064664359595e-05,
AU000000ELD6,202362.0,,AU,2022,0.0008550754542854,0.0,0.0005719187875321,-0.0002840909090909,0.0002878278784412,
AU000000EOS8,249495.0,,AU,2022,0.0012062726176115,0.0,0.0,0.0,0.0,
AU000000GMA5,317594.0,,AU,2020,8.25354902608e-05,0.0,8.25354902608e-05,-8.25354902608e-05,0.0,
AU000000GMD9,290328.0,,AU,2019,0.0080889787664307,0.0,0.0037074486012807,-0.0003370407819346,0.0033704078193461,
AU000000GOR5,278245.0,,AU,2020,0.0008802816901408,0.0,0.0,0.0,0.0,
AU000000GUD2,101568.0,,AU,2022,0.001741670026591,0.0,0.0005527934627384,-0.0008338793874643,-0.0002810859247259,
AU000000IPL1,257860.0,,AU,2013,0.0016547341941365,0.0,0.0007839398973402,-8.398421096833334e-05,0.0006999556863718,
AU000000LYC6,212658.0,,AU,2022,0.0046216528885475,0.0,0.0014341380144653,-0.0004897198604492,0.000944418154016,
AU000000MND5,242795.0,,AU,2014,0.0024310289518004,0.0,0.0010300545352473,-0.0004222972972972,0.00060775723795,
AU000000MP15,320968.0,,AU,2024,0.0002861230329041,0.0,0.0,0.0,0.0,
AU000000NEC4,314884.0,,AU,2015,0.0002384358607534,0.0,0.0001192179303767,0.0,0.0001192179303767,
AU000000ORE0,287496.0,,AU,2019,0.0024855538668254,9.47867298578e-05,0.0003531012277589,-0.0015844620804391,-0.0012313608526801,
AU000000PRT5,208584.0,,AU,2021,0.001132502831257,0.0,0.0016987542468856,0.0,0.0016987542468856,
AU000000SCG8,296108.0,,AU,2017,0.0002175805047867,0.0,0.0,0.0,0.0,
AU000000SDF8,315882.0,,AU,2019,0.0001737317581653,0.0,0.0,0.0,0.0,
AU000000SUN6,205145.0,,AU,2017,0.0023451096542011,0.0020018905574132,0.00032793708018,-0.0026299836090738,-0.0023020465288936,
AU000000VEE3,322612.0,,AU,2024,0.0013921113689095,0.0,0.0009280742459396,-0.0009280742459396,0.0,
AU0000047797,332503.0,,AU,2022,0.0005026742868191,0.0,0.0001028171910343,-0.0001025325540859,2.846369484333317e-07,
AU0000180317,350965.0,,AU,2023,0.000679809653297,0.0,0.0,0.0,0.0,
AU0000364754,208326.0,,AU,2024,0.0013005824971586,0.0001481920569057,0.00086263552944,0.0,0.00086263552944,
BE0003470755,101394.0,,BE,2017,0.0041089141013697,9.038322487345e-05,0.0006351907763412,-0.0007255740012147,-9.038322487345e-05,
BE0003735496,225091.0,,BE,2004,0.0010806916426512,0.0,0.0,0.0,0.0,
BE0003735496,225091.0,,BE,2013,0.0003801971553126,0.0,0.0002432202359236,0.0,0.0002432202359236,
BE0003755692,228416.0,,BE,2019,0.0001287332646755,0.0,0.0001287332646755,0.0,0.0001287332646755,
BE0974293251,241637.0,,BE,2018,0.0029315494194757,0.0,0.0004074873418825,-0.0009870283795818,-0.0005795410376992,
BMG162341090,26721.0,,BM,2017,0.0024534920908132,0.0,0.0010201879923422,-0.0008963505215034,0.0001238374708387,
BMG3921A1751,113491.0,,BM,2004,0.0003134076815344,0.0,0.0,0.0,0.0,
BMG3921A1751,113491.0,,BM,2006,0.0001217857576746,0.0,0.0001205400192864,0.0,0.0001205400192864,
BMG4587L1090,210576.0,,BM,2022,0.0041262975658142,0.0013120821393737,0.0019217526655422,-0.0005853430110044,0.0013364096545377,
BMG507361001,100424.0,,HK,2010,0.0005875440658049,0.0,0.0,0.0,0.0,
BMG6359F1032,1661.0,,BM,2012,0.0005208792145733,0.0,0.0001486994404213,-0.000297686329575,-0.0001489868891537,
BMG6891L1054,21904.0,,US,2023,0.0011197361610191,0.0004303851947493,0.0002151925973746,-0.0013349287583938,-0.0011197361610191,
BMG812761002,15520.0,,BM,2015,0.0001506762336653,0.0,7.58035172832e-05,-7.58035172832e-05,0.0,
BMG9156K1018,332941.0,,BM,2023,0.0008467330791706,0.0003026634382566,0.0,-0.0003026634382566,-0.0003026634382566,
BMG982941046,24318.0,,BM,2012,0.000160256803911,0.0,0.000160256803911,-0.0001662561006234,-5.999296712350004e-06,
BRCMINACNOR2,346751.0,,BR,2022,0.0008244023083264,0.0,0.0008244023083264,0.0,0.0008244023083264,
BRCPLEACNPB9,64577.0,,BR,2022,0.0105848411734616,0.0013480657938292,0.0027223645035116,-0.0030516493801445,-0.000329284876633,
BRCVCBACNOR1,316821.0,,BR,2019,0.0001924557351809,0.0,0.0001924557351809,0.0,0.0001924557351809,
BRGOLLACNPR4,160628.0,,BR,2007,0.0002700597379783,0.0,0.0,0.0,0.0,
BROFSAACNOR7,318540.0,,BR,2020,0.0003441156228492,0.0,0.0005161734342739,0.0,0.0005161734342739,
BRRAPTACNPR4,213424.0,,BR,2017,0.001569687631023,0.0,0.0003882702114506,-0.0005468996530749,-0.0001586294416243,
BRSBFGACNOR1,331907.0,,BR,2023,0.0001024590163934,0.0,0.0,0.0,0.0,
BRSBSPACNOR5,205874.0,,BR,2019,0.0034239111716031,0.0001668891855807,0.0,-0.0006070024148773,-0.0006070024148773,
BSP943981071,174121.0,,BS,2013,8.1592689295025e-05,0.0,0.0,0.0,0.0,
CA0012641001,163626.0,001264100,CA,2017,0.0006458229109427,0.0,0.0,-0.000211707420345,-0.000211707420345,00126410
CA0084741085,1186.0,008474108,CA,2017,0.0001600512163892,0.0,8.00256081946e-05,0.0,8.00256081946e-05,00847410
CA01626P4033,64655.0,01626P403,CA,2012,0.0001070663811563,0.0,0.0,0.0,0.0,01626P40
CA0213611001,122194.0,021361100,CA,2021,0.006437928708961,0.0,0.0028284308706197,-0.0015591733224697,0.0012692575481499,02136110
CA03063L7051,130525.0,03063L705,CA,2012,0.000492368291482,0.0,0.0,-0.000984736582964,-0.000984736582964,03063L70
CA03074G1090,118441.0,03074G109,CA,2011,0.0046929877144165,0.0,0.0,-0.0004807692307692,-0.0004807692307692,03074G10
CA04040Y1097,185448.0,04040Y109,CA,2022,0.0009062688900705,0.0,0.0,0.0,0.0,04040Y10
CA0545991055,105483.0,054599105,CA,2008,0.0009445843828715,0.0,0.0,0.0,0.0,05459910
CA0636711016,15580.0,063671101,CA,2012,0.0002167783494252,7.052186177715e-05,7.052186177715e-05,-7.052186177715e-05,0.0,06367110
CA09951T1066,147372.0,09951T106,CA,2006,0.0024232633279483,0.0,0.0,0.0,0.0,09951T10
CA1125851040,2369.0,112585104,CA,2011,0.0034382488554328,9.52743902439e-05,0.0024491214585968,-0.0002094296413854,0.0022396918172114,11258510
CA1254911003,30369.0,125491100,CA,2019,0.0001481042654028,0.0,0.0,0.0,0.0,12549110
CA12626F1053,154773.0,12626F105,CA,2011,0.0007874015748031,0.0,0.0,0.0,0.0,12626F10
CA1295841086,12198.0,129584108,CA,2024,0.0004610993040796,0.0,0.0,-0.0005263157894736,-0.0005263157894736,12958410
CA1360691010,15581.0,136069101,CA,2013,0.000404224822141,0.0003001882012505,0.0,0.0,0.0,13606910
CA13874X2023,160424.0,13874X202,CA,2021,0.0006497725795971,0.0,0.0,0.0,0.0,13874X20
CA1567701091,179187.0,156770109,US,2020,0.002240055538178,0.0009640102827763,0.001139197851543,-0.0004965243296921,0.0006426735218508,15677010
CA17253X1050,260838.0,17253X105,CA,2002,0.0006666666666666,0.0,0.0,0.0,0.0,17253X10
CA2208741017,123415.0,220874101,CA,2011,0.0003655299658126,0.0,0.0003875968992248,-7.58495145631e-05,0.0003117473846617,22087410
CA22163N1069,20338.0,22163N106,CA,2007,0.0010512816359593,0.0,0.0005261412078818,-0.0002642228508564,0.0002619183570253,22163N10
CA22163N1069,20338.0,22163N106,CA,2010,0.0029515128345882,8.289124668435e-05,0.0031519607705582,-0.0002368031356822,0.0029151576348759,22163N10
CA2506691088,176598.0,250669108,CA,2018,0.00047854231863,0.0,0.000197628458498,0.0,0.000197628458498,25066910
CA2908761018,25792.0,290876101,CA,2007,0.0109655478026974,0.0,0.0017291196374946,-0.000287287074136,0.0014418325633586,29087610
CA2908761018,25792.0,290876101,CA,2015,0.0176724303416164,0.0004840837275858,0.0059406717473774,-0.0011505166409404,0.0047901551064369,29087610
CA3039011026,16428.0,303901102,CA,2003,0.0003706449221645,0.0,0.0,0.0,0.0,30390110
CA3495531079,14390.0,349553107,CA,2017,0.0121178836551252,0.0004793938025481,0.0049271738071253,-0.0004112082468913,0.0045159655602339,34955310
CA3759161035,111486.0,375916103,CA,2014,0.0002861603456411,0.0,0.0,0.0,0.0,37591610
CA38071H1064,37778.0,38071H106,CA,2023,0.0003597816376349,0.0,0.0001744591765526,-0.0001853224610822,-1.0863284529599975e-05,38071H10
CA3809564097,15037.0,380956409,CA,2009,0.0004921488887555,0.0,9.9403578528825e-05,0.0,9.9403578528825e-05,38095640
CA3901241057,23504.0,390124105,ZA,2009,0.0009623368860002,0.0,0.0,0.0,0.0,39012410
CA4369131079,20487.0,436913107,CA,2012,0.0001284026707755,0.0001284026707755,0.0001284026707755,0.0,0.0001284026707755,43691310
CA4369131079,20487.0,436913107,CA,2020,0.0004928636797691,0.0001177578897786,0.0003838837320794,-0.0002355157795572,0.0001483679525222,43691310
CA4589774021,166226.0,458977402,US,2008,0.0048454901149924,0.0005554480928048,0.0011689690754287,0.0,0.0011689690754287,45897740
CA4969024047,8644.0,496902404,CA,2024,0.0022840346166927,0.0,0.0016700066800267,-0.0003905143023343,0.0012794923776923,49690240
CA51925D1069,16432.0,51925D106,CA,2011,0.0002364401569962,0.0,0.000124131082423,0.0,0.000124131082423,51925D10
CA5247015053,174133.0,524701505,CA,2013,0.0002321262766945,0.0,0.0,-0.0002321262766945,-0.0002321262766945,52470150
CA53278L1076,20561.0,53278L107,CA,2008,0.0039513283471296,0.0001050420168067,0.0028068344205014,-0.0007323606300488,0.0020744737904526,53278L10
CA5503721063,108297.0,550372106,CA,2017,0.0005502566830168,0.0,0.000661104518047,-0.0001168770453482,0.0005442274726987,55037210
CA5527041084,185309.0,552704108,CA,2024,0.0037864736050503,0.0,0.0031462765312566,0.0,0.0031462765312566,55270410
CA5634861093,65018.0,563486109,CA,2008,8.2836315440675e-05,0.0,0.0,0.0,0.0,56348610
CA5734591046,65441.0,573459104,CA,2009,0.0011721873916437,0.0,9.8502758077225e-05,-0.0001876172607879,-8.911450271075001e-05,57345910
CA6554321027,148533.0,655432102,CA,2010,0.0009746588693957,0.0,0.0,-0.0009746588693957,-0.0009746588693957,65543210
CA6565685089,7980.0,656568508,CA,2002,0.0004229171998784,0.0,0.0,0.0,0.0,65656850
CA6565685089,7980.0,656568508,CA,2003,0.0001551207784078,0.0,8.03600128576e-05,0.0,8.03600128576e-05,65656850
CA6674951059,184552.0,667495105,CA,2014,0.0011742994342526,0.0,0.0009847875751306,-0.0003914331447508,0.0005933544303797,66749510
CA66987E2069,20600.0,66987E206,CA,2008,0.0044111102384878,0.0,0.0008246289169873,-0.0027487630566245,-0.0019241341396371,66987E20
CA66987E2069,20600.0,66987E206,CA,2009,0.00119189511323,0.0,0.0,0.0,0.0,66987E20
CA6699541091,64340.0,669954109,CA,2005,0.0002502760576534,0.0,0.0002502760576534,0.0,0.0002502760576534,66995410
CA67000X1069,162701.0,67000X106,US,2017,0.0029493607815322,0.0,0.0014294273290661,0.0,0.0014294273290661,67000X10
CA6979001089,20670.0,697900108,CA,2011,0.0002978372951978,0.0,0.0,0.0,0.0,69790010
CA7800871021,15633.0,780087102,CA,2021,0.0005916528575392,5.0281576830225e-05,0.0002102553768785,-0.0002011263073209,9.129069557600004e-06,78008710
CA78460T1057,14352.0,78460T105,CA,2014,0.0020671188049713,0.0,0.0008733742408297,-0.0010246126569036,-0.0001512384160738,78460T10
CA8520661098,180081.0,852066109,CA,2012,0.0006273525721455,0.0,0.0,0.0,0.0,85206610
CA85472N1096,29985.0,85472N109,CA,2013,0.0015552238743039,0.0,0.0009363671158817,-8.08799741184e-05,0.0008554871417633,85472N10
CA8638341070,123056.0,863834107,CA,2011,0.0006982762649849,7.6734192756275e-05,0.0001534683855125,0.0,0.0001534683855125,86383410
CA8676EP1086,12761.0,8676EP108,CA,2023,0.0008210180623973,0.0,0.0002736726874657,0.0,0.0002736726874657,8676EP10
CA87425E1034,14316.0,87425E103,CA,2003,0.000381979938623,0.0,0.0001262626262626,0.0,0.0001262626262626,87425E10
CA8772561079,64719.0,877256107,CA,2007,0.0055401662049861,0.0,0.0,0.0,0.0,87725610
CA89156V1067,185956.0,89156V106,CA,2023,0.0012606166190087,0.0,0.0003808073115003,-0.0001663339986693,0.000214473312831,89156V10
CA9039142083,108645.0,903914208,US,2019,0.0008088359821215,0.0,0.0003988905744917,0.0,0.0003988905744917,90391420
CA92647W1059,160582.0,92647W105,CA,2012,0.0002744237102085,0.0,0.0002744237102085,0.0,0.0002744237102085,92647W10
CA92707Y1088,157875.0,92707Y108,CA,2012,0.0012369638516427,0.0,0.0,0.0,0.0,92707Y10
CA92707Y1088,157875.0,92707Y108,CA,2021,0.0013121756648549,0.0,0.0009735049147294,-0.0003247275337988,0.0006487773809304,92707Y10
CA9528451052,14330.0,952845105,CA,2024,0.0005917103219628,0.0001509661835748,0.0003019323671497,-0.0001388117712382,0.0001631205959115,95284510
CA9582112038,4019.0,958211203,CA,2013,0.0002463054187192,0.0,0.0,0.0,0.0,95821120
CA96467A2002,185230.0,96467A200,CA,2021,0.0110651052025007,0.0010419110172804,0.0091983642532474,-0.0026365431229962,0.0065618211302511,96467A20
CH0008742519,114927.0,,CH,2006,0.0002569861496923,0.0,0.0,0.0,0.0,
CH0011178255,241832.0,,CH,2005,9.9206349206325e-05,0.0,0.0,-9.9206349206325e-05,-9.9206349206325e-05,
CH0012138530,28838.0,,CH,2020,0.0003263445706129,0.0,7.906388361795e-05,0.0,7.906388361795e-05,
CH0012410517,23087.0,,CH,2018,0.0002637130801687,0.0,0.0005274261603375,0.0,0.0005274261603375,
CH0012549785,211795.0,,CH,2008,0.0005050289768476,0.0,0.0001072501072501,0.0,0.0001072501072501,
CH0013841017,231397.0,,CH,2021,0.0010979972220281,0.0,0.0,0.0,0.0,
CH0025751329,102696.0,,CH,2016,0.0001998401278976,0.0,0.0,0.0,0.0,
CH0038388911,101335.0,,CH,2009,0.0003377448548048,0.0,0.0,0.0,0.0,
CH0044328745,28034.0,,CH,2004,0.0001960015680125,0.0,0.0,0.0,0.0,
CH0198251305,221261.0,,CH,2021,0.0006503226076573,0.0,0.0004496402877697,-0.0002997601918465,0.0001498800959232,
CH0346177709,29718.0,,CH,2019,0.0003079245974458,0.0,7.5895567698825e-05,-9.66744006187e-05,-2.0778832919874995e-05,
CH0418792922,101350.0,,CH,2022,0.0019496519119654,0.0,0.0009057971014492,-0.0001013787510137,0.0008044183504355,
CH0432492467,35056.0,,CH,2003,0.0001676035518461,0.0,0.0,0.0,0.0,
CL0000001314,202021.0,,CL,2016,0.000339505830961,0.0,0.000460193281178,-0.000230096640589,0.000230096640589,
CNE000000WV6,108893.0,,CN,2010,0.0008176614881439,0.0,0.0,0.0,0.0,
COI04PA00021,205898.0,,CO,2022,0.007145443751705,0.0003112356053532,0.0026703576816637,-0.0009834168883819,0.0016869407932817,
DE0005313704,238442.0,,DE,2011,0.0001802164714554,0.0,7.1756601607325e-05,0.0,7.1756601607325e-05,
DE0005439004,100609.0,,DE,2016,0.0028861241660901,0.0,0.0010275951731443,-0.000286933404578,0.0007406617685663,
DE0005785802,212782.0,,DE,2019,0.0003022573087697,0.0,0.0,0.0,0.0,
DE0005937007,100042.0,,DE,2009,0.0027168016963792,0.0001311647429171,0.0008607317067026,-0.0001311647429171,0.0007295669637855,
DE0006231004,132740.0,,DE,2008,0.0005386259984326,0.0,0.0006435866595078,-0.0004207337596768,0.0002228528998309,
DE0007037129,100953.0,,DE,2014,0.0057778936922775,0.000295624753646,0.0013850158637226,-0.0015225628431037,-0.0001375469793811,
DE0007856023,220295.0,,DE,2024,0.0051674965682072,0.0,0.0013768657784206,-0.0006988120195667,0.0006780537588539,
DE0008430026,15677.0,,DE,2012,0.0002395873796647,5.815644082582e-05,0.0,-0.0002009652967669,-0.0002009652967669,
DE000A0D6554,245628.0,,DE,2023,0.0046022164129153,8.644536652835e-05,0.0010976948408342,-0.0005237014027112,0.0005739934381229,
DE000A0D9PT0,273099.0,,DE,2020,0.001051916983933,0.0,0.0,0.0,0.0,
DE000A0LD6E6,284944.0,,DE,2016,0.0009921623332168,0.0,0.0002501552601539,0.0,0.0002501552601539,
DE000A0M6M79,287378.0,,DE,2010,0.00092980009298,0.0,0.0,-0.00092980009298,-0.00092980009298,
DE000A0S8488,287162.0,,DE,2012,0.0002189876580297,0.0,0.0,-0.0001263264274886,-0.0001263264274886,
DE000A0WMPJ6,216019.0,,DE,2006,0.0004857659373232,0.0,0.0,-8.683570684265e-05,-8.683570684265e-05,
DE000A0WMPJ6,216019.0,,DE,2015,0.0012052896098099,0.0,0.0011759699379575,0.0,0.0011759699379575,
DE000A1DAHH0,269835.0,,DE,2015,0.0003343056152629,0.0,8.6715227193875e-05,-0.000247590388069,-0.0001608751608751,
DE000A2AADD2,322597.0,,DE,2019,0.0044582556223703,0.0002510040160642,0.003305958063305,-0.0005026713118991,0.0028032867514059,
DE000A3E5D64,63546.0,,DE,2024,0.0029711426707995,0.0,0.0001701403658017,-8.456659619450317e-05,8.557376960728331e-05,
DE000KSAG888,100736.0,,DE,2011,0.0010138110503932,0.0,0.0001931993817619,-6.439979392065e-05,0.0001287995878413,
DE000PAG9113,354519.0,,DE,2024,0.0063528942268005,0.0001541782300339,0.0044909104181147,-0.000778787849022,0.0037121225690927,
DK0010207497,101134.0,,DK,2008,0.0006463289876901,0.0,0.0003513575362486,-0.0002291815214237,0.0001221760148248,
DK0010274844,250951.0,,DK,2022,0.0117251689973959,0.0009451795841209,0.0048592282466743,-0.002339043302999,0.0025201849436753,
DK0060636678,274282.0,,DK,2021,0.0003483458361031,0.0,0.0,0.0,0.0,
DK0061412772,345606.0,,DK,2024,0.0036150022593764,0.0,0.0013556258472661,0.0,0.0013556258472661,
ES0113679I37,15846.0,,ES,2016,0.0002272562070577,0.0,0.0004545124141155,0.0,0.0004545124141155,
ES0116870314,220586.0,,ES,2007,0.0089937221969425,4.82811896485e-05,0.0021818735159208,-0.0009747230816791,0.0012071504342417,
ES0118900010,271217.0,,ES,2013,0.0005877036346363,0.0,0.0001422070534698,-0.0003032895276966,-0.0001610824742268,
ES0127797019,288970.0,,ES,2019,0.0141257960380681,0.0004003655098413,0.0032027728735951,-0.0022714935510403,0.0009312793225547,
ES0152503035,270438.0,,ES,2012,0.000798652330624,0.0,9.40910801656e-05,-0.0002753957583905,-0.0001813046782249,
ES0165386014,285082.0,,ES,2024,0.0190662662454629,0.0017628275241469,0.0036274904506484,-0.0019248575809912,0.0017026328696571,
FI0009005318,211452.0,,FI,2019,0.0004067947738389,0.0001493428912783,0.0001344809037116,-0.00028382379499,-0.0001493428912783,
FI0009900724,211873.0,,FI,2024,0.0002322720975971,9.936406995230524e-05,0.0002322720975971,-0.0001329080276448,9.936406995230524e-05,
FI4000049812,317407.0,,FI,2023,0.0003816793893129,0.0003816793893129,0.0,-0.0003816793893129,-0.0003816793893129,
FR0000032278,211497.0,,FR,2020,0.0027810885975367,0.0,0.0015891934843067,0.0,0.0015891934843067,
FR0000050809,211415.0,,FR,2022,0.0003843197540353,0.0,0.0,0.0,0.0,
FR0000051807,211503.0,,FR,2024,0.0003765205316352,0.0,0.0,0.0,0.0,
FR0000054470,212596.0,,FR,2011,0.0001688618709895,0.0,0.000337723741979,0.0,0.000337723741979,
FR0000120404,100001.0,,FR,2023,0.0004488330341113,0.0,0.0,0.0,0.0,
FR0000120503,101097.0,,FR,2004,0.0003763643206624,0.0,0.0003763643206624,0.0,0.0003763643206624,
FR0000121147,102299.0,,FR,2019,0.0025661050579179,0.0001502855425308,0.0003024462242106,-0.0001502855425308,0.0001521606816798,
FR0000121972,101336.0,,FR,2006,0.0038869794100846,0.0,0.0010458859116165,-0.000181752090149,0.0008641338214674,
FR0000125486,102296.0,,FR,2024,0.0089067137791273,0.000207468879668,0.0020458560721084,-0.0006713905864639,0.0013744654856444,
FR0000130809,15784.0,,FR,2023,0.000704132567992,5.959475566149999e-05,0.0005750586731872,-0.0001241317030638,0.0004509269701233,
FR0000131757,223520.0,,FR,2018,0.0028481731067937,0.0001657824933687,0.0021850431333189,-0.00096333070471,0.0012217124286089,
FR0000131757,223520.0,,FR,2024,0.002562643031408,0.0,0.000269633287098,-0.0004055767346238,-0.0001359434475258,
FR0010221234,220926.0,,FR,2021,0.0001301405517959,0.0,0.0,0.0,0.0,
FR0010307819,277039.0,,FR,2016,0.0029771405322758,0.0001316528304494,0.0035892354711614,-0.0002558764329339,0.0033333590382274,
FR0012789949,277144.0,,FR,2020,0.0009220829907106,6.52571130253e-05,0.0,-0.0001675421208253,-0.0001675421208253,
FR0013326246,16383.0,,FR,2019,0.0006095406924343,0.0,0.0,0.0,0.0,
FR0013451333,335463.0,,FR,2021,0.0002440926674369,0.0,0.0,0.0,0.0,
GB0001367019,102653.0,,GB,2018,0.0003743916136278,0.0,0.0003743916136278,0.0,0.0003743916136278,
GB0002875804,1932.0,,GB,2012,0.0001805706031058,0.0,0.0,0.0,0.0,
GB0002945029,201758.0,,GB,2014,0.001477104874446,0.0,0.0,-0.001477104874446,-0.001477104874446,
GB0003096442,100909.0,,GB,2023,0.0007527286413248,0.0,0.0007527286413248,0.0,0.0007527286413248,
GB0003753778,210614.0,,GB,2011,0.0008419472331739,0.0,0.0,-0.000281848928974,-0.000281848928974,
GB0004544929,212773.0,,GB,2008,0.0008589980842032,0.0004023958330816,0.0004023958330816,0.0,0.0004023958330816,
GB0005576813,104898.0,,GB,2021,0.0002572016460905,0.0,0.0,0.0,0.0,
GB0006027295,100292.0,,GB,2011,0.0039965026107846,0.0,0.0039750116443448,0.0,0.0039750116443448,
GB0007184442,202872.0,,GB,2008,0.0004655493482309,0.0,0.0,-0.0001551831160769,-0.0001551831160769,
GB0007291015,203649.0,,GB,2019,0.0001926782273603,0.0001926782273603,0.0,-0.0001926782273603,-0.0001926782273603,
GB0007980591,2410.0,,GB,2004,0.000749482523648,0.0001946042961667,0.0,-0.0004446587576518,-0.0004446587576518,
GB0008025412,208361.0,,GB,2022,0.0011862116031215,0.0,0.0009496328071735,0.0,0.0009496328071735,
GB0008220112,101004.0,,GB,2011,0.0012669432967913,0.0,0.0005551995245493,0.0,0.0005551995245493,
GB0008706128,15929.0,,GB,2018,0.0002224123461491,0.0,0.0,-8.2277439526075e-05,-8.2277439526075e-05,
GB0009039941,100250.0,,GB,2008,0.0003445431014523,0.0,0.0001671122994652,0.0,0.0001671122994652,
GB0009465807,100650.0,,GB,2015,0.000475078909429,0.0,0.0001231830500123,-0.0001055297593921,1.7653290620200013e-05,
GB0030329360,245499.0,,GB,2010,0.0006277404049852,0.0,0.0004101722723543,-0.0002050861361771,0.0002050861361771,
GB0031743007,252378.0,,GB,2021,0.0017485804632686,0.0,0.0009673649099891,0.0,0.0009673649099891,
GB0033278473,257955.0,,GB,2020,0.0004288164665523,0.0,0.0,0.0,0.0,
GB0033986497,102260.0,,GB,2018,0.000243783520234,0.0,0.000365675280351,0.0,0.000365675280351,
GB00B01C3S32,205692.0,,JE,2014,0.0007361542758369,0.0,0.0004122673848142,0.0,0.0004122673848142,
GB00B02QND93,271015.0,,GB,2020,0.001474567760734,0.0001378929950358,0.0002637130801687,-0.0006894649751792,-0.0004257518950105,
GB00B033F229,213423.0,,GB,2004,0.0029100216756025,0.0001488538255433,0.0018680448967993,-0.0001488538255433,0.001719191071256,
GB00B0BRN552,273247.0,,GB,2024,0.0003182686187141,0.0,0.000159134309357,0.0,0.000159134309357,
GB00B0N8QD54,274753.0,,GB,2017,0.0014845681967311,0.0,0.0014771249232321,0.0,0.0014771249232321,
GB00B0N8QD54,274753.0,,GB,2023,0.0024856738834989,0.0,0.0012178581657104,-0.0004359973369379,0.0007818608287724,
GB00B0SWJX34,246706.0,,GB,2023,0.0002550304255943,0.0,0.0001237623762376,0.0,0.0001237623762376,
GB00B0WMWD03,275461.0,,GB,2012,0.0008406651294593,0.0,0.000198570293884,0.0,0.000198570293884,
GB00B19NKB76,279320.0,,GB,2015,0.0002890549266177,0.0,0.0002975262393186,-0.0001870557426112,0.0001104704967074,
GB00B1VYCH82,285050.0,,GB,2019,0.000440722785368,0.0,0.0,0.0,0.0,
GB00B1WY2338,100045.0,,GB,2008,0.0004175036012531,0.0,0.0007119702632188,0.0,0.0007119702632188,
GB00B2B0DG97,100338.0,,GB,2003,0.0001534330648254,0.0,0.0001534330648254,-0.0001534330648254,0.0,
GB00B580MF54,317170.0,,GB,2020,0.0016155088852988,0.0,0.0,-0.0012116316639741,-0.0012116316639741,
GB00B61TVQ02,101449.0,,GB,2009,0.0002537427048972,0.0,0.0,0.0,0.0,
GB00B61TVQ02,101449.0,,GB,2014,0.0015332720024532,0.0,0.0006133088009812,-0.0003066544004906,0.0003066544004906,
GB00B62G9D36,294528.0,,GB,2019,0.0003090234857849,0.0001545117428924,0.0004635352286773,0.0,0.0004635352286773,
GB00B6774699,274411.0,,GB,2022,0.0006160164271047,0.0,0.0002053388090349,0.0,0.0002053388090349,
GB00B74CDH82,102623.0,,GB,2017,0.0007918069983006,0.0,0.0,-0.0003188143841333,-0.0003188143841333,
GB00BDR05C01,211819.0,,GB,2020,0.0119745553470014,0.0006000310657324,0.0032001656839065,-0.0023124604020601,0.0008877052818464,
GB00BDSFG982,30923.0,,GB,2019,0.0009587049542801,0.0,0.0003232062055591,-0.0001554243083618,0.0001677818971973,
GB00BF044593,223560.0,,GB,2017,0.0005385422439845,0.0,0.0,0.0,0.0,
GB00BF044593,223560.0,,GB,2022,0.0037565648139949,0.0,0.0007977384885666,0.0,0.0007977384885666,
GB00BF4HYV08,327345.0,,GB,2019,0.0020864131846442,0.0,0.0010580526424037,0.0,0.0010580526424037,
GB00BF5SDZ96,316405.0,,GB,2020,0.0003083564600678,0.0,0.0001541782300339,-0.0003083564600678,-0.0001541782300339,
GB00BF8Q6K64,278298.0,,GB,2021,0.0007837970201684,0.0,0.000363702491362,-0.000181851245681,0.000181851245681,
GB00BFZ4N465,33809.0,,GB,2018,0.000184706316956,0.0,0.000184706316956,0.0,0.000184706316956,
GB00BFZ4N465,33809.0,,GB,2021,0.0001834189288334,0.0,0.0,-0.0002445585717779,-0.0002445585717779,
GB00BK1PTB77,207519.0,,GB,2020,0.0112775001142914,0.0001586797841954,0.0016653905498578,-0.0032207513086515,-0.0015553607587938,
GB00BN7JZR28,345625.0,,GB,2024,0.0005694760820045,0.0,0.0,0.0,0.0,
GB00BQQFX454,275240.0,,GB,2019,0.0006429693553433,0.0,0.0002903600464576,0.0,0.0002903600464576,
GB00BY9D0Y18,268159.0,,GB,2020,0.0014082832615899,0.0,0.000696959039415,-0.0001137656427758,0.0005831933966391,
GB00BYWVDP49,326143.0,,GB,2023,0.0015880218902709,0.0,0.0,-0.0005302226935312,-0.0005302226935312,
GB00BZ4BQC70,100774.0,,GB,2013,0.0038662780513176,0.0003351874759136,0.0011692821395942,-0.0011615340873872,7.748052207050011e-06,
GI000A0MV757,273216.0,,GI,2009,0.0003242353323097,0.0,0.0001134558656682,-9.732360097323333e-05,1.6132264695000013e-05,
GI000A0MV757,273216.0,,GI,2012,0.0007051842184937,0.0003181957030852,4.9800796812725e-05,0.0,4.9800796812725e-05,
HK0293001514,16538.0,,HK,2019,0.0005123921303627,0.0,0.0,-0.0002837684449489,-0.0002837684449489,
HK2388011192,31648.0,,HK,2019,0.0006070416835289,0.0002023472278429,0.0002023472278429,0.0,0.0002023472278429,
IE0002424939,222305.0,,IE,2005,0.0022209883398112,0.0,0.0005552470849528,0.0,0.0005552470849528,
IE0033024807,102592.0,,IE,2005,0.0005549389567147,0.0,0.0016648168701442,0.0,0.0016648168701442,
IE00B010DT83,270247.0,,IE,2021,0.0006727211570803,0.0,0.0005045408678102,0.0,0.0005045408678102,
IE00B4BNMY34,143357.0,,IE,2019,0.001066640919543,0.0,0.0008150561093038,-8.1274382314675e-05,0.0007337817269891,
IE00BD845X29,27333.0,,IE,2019,0.0004747306392764,0.0,0.000159134309357,-0.0001594904283358,-3.561189787499968e-07,
IE00BLS09M33,8463.0,,GB,2023,0.0037712878023184,7.4850299401175e-05,0.0041034865727384,-0.0007093941887995,0.0033940923839388,
IE00BTN1Y115,7228.0,,IE,2017,0.0003018760595256,0.0,0.0001224302317054,0.0,0.0001224302317054,
IL0006046119,2018.0,,IL,2012,0.0003115264797507,0.0003115264797507,0.0,-0.0003115264797507,-0.0003115264797507,
IL0007460160,23290.0,,IL,2019,0.0006477728549101,0.0,0.0,-0.0002598752598752,-0.0002598752598752,
IL0010845654,137110.0,,IL,2014,0.0006109837447074,0.0,0.0002725360912778,0.0,0.0002725360912778,
IL0010851660,138501.0,,IL,2023,0.0004055748212393,0.0,0.0,0.0,0.0,
IL0010852080,138781.0,,IL,2017,0.0003018638106592,0.0,0.0,0.0,0.0,
IL0010958192,165923.0,,IL,2023,0.0005189630493592,0.0,0.0004375563414465,0.0,0.0004375563414465,
IL0011007189,290977.0,,IL,2022,0.0004071661237785,0.0,0.000271444082519,0.0,0.000271444082519,
IL0011194789,294788.0,,IL,2021,0.0022207441894837,0.0,0.0005727376861397,0.0,0.0005727376861397,
IL0011267213,30847.0,,US,2023,0.0003933217940332,0.0,9.9601593625475e-05,0.0,9.9601593625475e-05,
IL0011316309,19988.0,,IL,2015,0.0009112343109531,0.0,0.0004356501406258,0.0,0.0004356501406258,
IL0011582033,35222.0,,IL,2021,0.0004139644944242,0.0,0.0001368363437328,-0.0001368363437328,0.0,
IM00B7S9G985,275893.0,,IM,2018,8.504847763225e-05,0.0,8.504847763225e-05,0.0,8.504847763225e-05,
INE017A01032,202646.0,,IN,2014,0.0008591839411742,0.0,8.2426640290125e-05,-0.0002808087536786,-0.0001983821133884,
INE029A01011,223039.0,,IN,2023,0.009512917562565,0.0001586294416243,0.0025193680313878,-0.0005225304605472,0.0019968375708406,
INE044A01036,212098.0,,IN,2011,8.8245675961875e-05,0.0,0.0,-8.8245675961875e-05,-8.8245675961875e-05,
INE047A01021,202642.0,,IN,2020,0.0011717112609081,0.0001772400676455,0.0002161888735592,-0.000277722382758,-6.1533509198875e-05,
INE048G01026,278534.0,,IN,2023,8.07232805941e-05,0.0,0.0,0.0,0.0,
INE061F01013,284628.0,,IN,2021,0.0001976639670412,0.0,0.0001022076860179,0.0,0.0001022076860179,
INE066F01020,326872.0,,IN,2024,0.0003438789546079,0.0,0.0,0.0,0.0,
INE07T201019,345679.0,,IN,2024,0.0001627074520013,0.0,0.0002440611780019,0.0,0.0002440611780019,
INE081A01012,203892.0,,IN,2009,0.0034109734462815,0.0001630789302022,8.72371979412e-05,-0.0011245122917956,-0.0010372750938544,
INE09VQ01012,346472.0,,IN,2024,0.0010014574690059,0.0,0.0001672240802675,0.0,0.0001672240802675,
INE121J01017,314572.0,,IN,2016,0.0008199039534052,0.0,0.0004562471347839,-0.0001987282967469,0.000257518838037,
INE134E01011,268324.0,,IN,2023,0.0151195819111443,0.0009053870529651,0.0035176612963698,-0.0024205564519936,0.0010971048443761,
INE148O01028,353138.0,,IN,2023,0.0003669152615745,0.0,4.8609760839975e-05,-0.0001066120443317,-5.8002283491775e-05,
INE161A01038,206324.0,,IN,2022,0.0003093465155479,7.7954474586825e-05,0.0,0.0,0.0,
INE184H01027,274852.0,,IN,2024,0.0109995590599421,0.0,0.0096820856127336,-0.0013284462013425,0.008353639411391,
INE208C01025,275431.0,,IN,2019,0.0006680309030269,0.0,0.0,0.0,0.0,
INE225D01027,292896.0,,IN,2023,0.0006198817288949,0.0,0.0004246809016909,-0.0004370629370629,-1.2382035371924998e-05,
INE245A01021,203894.0,,IN,2019,0.0071152959922193,0.00053285305258,0.0007423314527519,-0.0006575102453001,8.48212074518e-05,
INE265F01028,275523.0,,IN,2022,0.0001214181641573,0.0,0.0,0.0,0.0,
INE267A01025,206319.0,,IN,2018,0.0017331369327095,0.0,0.0012368583797155,-0.0002618636286871,0.0009749947510283,
INE285J01028,325183.0,,IN,2024,0.0006606434862636,0.0,0.000288920354289,0.0,0.000288920354289,
INE296G01013,294563.0,,IN,2024,0.0009550737096181,0.0,0.0002301134296501,0.0,0.0002301134296501,
INE343H01029,276549.0,,IN,2018,0.0002530364372469,0.0,0.0,0.0,0.0,
INE376G01013,270225.0,,IN,2020,0.0004503998771164,0.0,0.0004127796750967,0.0,0.0004127796750967,
INE406M01024,324865.0,,IN,2021,0.0001944768572539,0.0,0.0,0.0,0.0,
INE438A01022,223091.0,,IN,2019,0.0004206983592763,0.0,0.0,-0.0008413967185527,-0.0008413967185527,
INE472A01039,222364.0,,IN,2022,0.0023356378911141,0.00024149433687,0.0007394991796794,-0.0001606683804627,0.0005788307992166,
INE484J01027,293692.0,,IN,2020,0.0002278479658066,0.0,0.0,0.0,0.0,
INE499A01024,211237.0,,IN,2023,0.0037275765210988,0.0004706383401413,0.0016058520448689,-0.0006132103390008,0.0009926417058681,
INE503A01015,282560.0,,IN,2017,0.0006324133041517,0.0,0.0001045587620242,0.0,0.0001045587620242,
INE516A01017,211249.0,,IN,2023,0.0005509333183927,0.0,0.0001902587519025,0.0,0.0001902587519025,
INE634I01029,288466.0,,IN,2023,0.0004697934098747,0.0,0.0002341920374707,-0.0001524855138761,8.170652359454998e-05,
INE647A01010,211015.0,,IN,2024,0.0010705397516686,0.0,0.0013478268102624,-8.94134477825465e-05,0.0012584133624799,
INE692A01016,257156.0,,IN,2019,0.0006688175149002,0.0,0.0,0.0,0.0,
INE839M01018,310787.0,,IN,2021,0.0078491001947515,0.0,0.001278637667622,-0.0002373042240151,0.0010413334436068,
INE949L01017,324926.0,,IN,2021,0.000982656183509,9.177679882525e-05,0.0003792774089867,-0.0002182026018208,0.0001610748071659,
IT0001031084,281525.0,,IT,2022,0.000317370042938,0.0,0.0001800828381055,0.0,0.0001800828381055,
IT0001078911,107037.0,,IT,2019,0.0004430439498111,0.0001704158145875,0.0,-0.0003067298821993,-0.0003067298821993,
IT0001157020,216667.0,,IT,2010,0.00699817551834,0.0,0.0027149935474862,-0.0005803285347442,0.002134665012742,
IT0003128367,201794.0,,IT,2023,0.007903637663914,0.0004583363505298,0.0025146485291354,-0.00076397701413,0.0017506715150053,
IT0003132476,61616.0,,IT,2011,0.0010675478129154,0.0002046488469139,0.000509280033983,-0.0001580194890702,0.0003512605449126,
IT0003153415,249457.0,,IT,2019,0.0056412958308387,0.0001697216564833,0.0038713076679535,-0.0007025137706875,0.003168793897266,
IT0003828271,102429.0,,IT,2021,0.0002362976217606,0.0,9.038322487345e-05,-9.038322487345e-05,0.0,
IT0005054967,318668.0,,IT,2024,0.0024463953863678,5.435964340073929e-05,0.000999174222504,-0.0007133232367021,0.0002858509858019,
IT0005218752,24584.0,,IT,2014,6.510416666665e-05,0.0,0.0,0.0,0.0,
JP3027670003,252119.0,,JP,2018,0.0014925373134328,0.0,0.0007462686567164,-0.0007462686567164,0.0,
JP3152750000,229856.0,,JP,2018,0.0026822306768874,0.0,0.0021097804015205,-0.0002554931016862,0.0018542872998342,
JP3165650007,223911.0,,JP,2016,0.0001527632596084,7.88643533123e-05,0.0,0.0,0.0,
JP3197800000,19157.0,,JP,2011,0.0007887990271447,7.152564194263637e-05,0.0001948051948051,-3.5762820971318184e-05,0.0001590423738338,
JP3201200007,100686.0,,JP,2013,0.0002695655785277,0.0,0.0,0.0,0.0,
JP3201200007,100686.0,,JP,2017,0.0010105674299429,0.0001410039481105,0.000453243748277,-0.0001410039481105,0.0003122398001665,
JP3256000005,100516.0,,JP,2016,5.00600720865e-05,0.0,0.0,0.0,0.0,
JP3294460005,271196.0,,JP,2010,0.0008996851102114,0.0,0.0,-0.0001124606387764,-0.0001124606387764,
JP3304200003,6494.0,,JP,2007,0.0012686330478908,0.0,0.0001585791309863,-0.0007928956549317,-0.0006343165239454,
JP3351100007,212712.0,,JP,2016,0.0011371855256758,0.0,0.0,-0.0004775549188156,-0.0004775549188156,
JP3414750004,257018.0,,JP,2006,0.0001224889759921,0.0,0.0001224889759921,0.0,0.0001224889759921,
JP3435000009,9818.0,,JP,2023,0.0003627345538085,0.0,0.0,-0.0001813672769042,-0.0001813672769042,
JP3436120004,242218.0,,JP,2018,0.0012977792731717,6.6844919786075e-05,0.0,-6.7916327085025e-05,-6.7916327085025e-05,
JP3546800008,102146.0,,JP,2006,0.0008716624016782,0.0,0.0005133470225872,0.0,0.0005133470225872,
JP3571400005,100658.0,,JP,2009,0.0005344418655181,0.0,0.000534188034188,0.0,0.000534188034188,
JP3663900003,255820.0,,JP,2024,0.0015751977228887,0.0,0.0007540632068933,0.0,0.0007540632068933,
JP3783600004,201727.0,,JP,2019,0.0003148614609571,0.0,0.0003148614609571,0.0,0.0003148614609571,
JP3818000006,18467.0,,JP,2018,0.000990864956888,0.0,0.0003674380720207,-0.0003674380720207,0.0,
JP3898400001,100555.0,,JP,2016,0.0033163272976118,0.0,0.0,-0.0018621973929236,-0.0018621973929236,
JP3910660004,15659.0,,JP,2022,0.0007365756685365,2.8805161885e-05,5.761032377001667e-05,-0.0002337306193623,-0.0001761202955923,
JP3933800009,214509.0,,JP,2021,0.0002431190711843,0.0001725175461914,7.0601524992925e-05,0.0,7.0601524992925e-05,
JP3942400007,100668.0,,JP,2013,0.0001007252215954,0.0,3.35750738651625e-05,-0.0001007252215954,-6.7150147730325e-05,
JP3942400007,100668.0,,JP,2019,0.0003123617478045,0.0,0.0,-0.0002304750789543,-0.0002304750789543,
JP3942400007,100668.0,,JP,2023,0.0002705587890129,0.0,0.0,0.0,0.0,
KR7005380001,104607.0,,KR,2008,0.0017000256057895,0.0,0.0009152599626352,-0.0005044136191677,0.0004108463434675,
KR7005930003,104604.0,,KR,2023,0.0028321640493702,5.850690381465e-05,0.0023661823140897,-0.0002331848113467,0.0021329975027429,
KYG1117K1141,34945.0,,AR,2023,0.0004197095609837,0.0,0.0005526175886286,-0.0004616805170821,9.093707154649998e-05,
KYG2007L1059,39534.0,,GB,2023,0.0004629629629629,0.0,0.0007716049382716,0.0,0.0007716049382716,
KYG210961051,270405.0,,HK,2017,0.0004111842105263,0.0,0.0,0.0,0.0,
KYG367381053,30443.0,,US,2009,0.0006377941570048,0.0,0.0001925298421255,-0.0004512070798345,-0.000258677237709,
KYG3930E1017,5187.0,,US,2003,0.0003255891667202,8.2345191040825e-05,0.0,-0.0002328116370233,-0.0002328116370233,
KYG5479M1050,36330.0,,CN,2022,0.0130491310519483,0.0009230584417298,0.0046106724372145,-0.0015849972455574,0.003025675191657,
KYG8656L1068,37612.0,,CN,2023,0.0003012048192771,0.0,0.0003012048192771,0.0,0.0003012048192771,
KYG9440A1094,36720.0,,BR,2024,0.0002052545155993,0.0,0.0002052545155993,0.0,0.0002052545155993,
KYG989MJ1017,38514.0,,CN,2024,0.0005293845748631,0.0,0.0008612308476116,-0.0002297637901025,0.0006314670575091,
LU0633102719,13932.0,,LU,2017,0.0001690617075232,0.0,4.22654268808e-05,0.0,4.22654268808e-05,
LU0633102719,13932.0,,LU,2022,0.0009689738309022,0.0002484451187328,0.00031938722997,0.0,0.00031938722997,
LU0686550053,311360.0,,LU,2023,0.0038821760354105,0.0,0.0002994011976047,-0.0007485029940119,-0.0004491017964071,
MHY1771G1026,185770.0,,MC,2021,0.0002262443438914,0.0,0.0,0.0,0.0,
MHY274991394,276928.0,,GR,2012,0.0007942811755361,0.0,0.0023828435266084,0.0,0.0023828435266084,
MHY816691064,165075.0,,GR,2018,0.0005417300428653,0.0,0.0004086097020772,0.0,0.0004086097020772,
MHY8564M1057,162387.0,,BM,2017,0.00118895782592,0.0001375894331315,0.0004125411929576,0.0,0.0004125411929576,
MXCFFM010000,324337.0,,MX,2024,0.0018333798029277,0.0,0.0004227436060029,-0.0005642544787699,-0.0001415108727669,
MXCFTE0B0005,315140.0,,MX,2019,0.0008333333333333,0.0,0.0003787878787878,-0.0001515151515151,0.0002272727272727,
MXP370711014,211934.0,,MX,2019,0.0002352143529959,0.0,0.0,-0.000133547008547,-0.000133547008547,
MYL5225OO007,313352.0,,MY,2019,0.0002129471890971,0.0,0.0,0.0,0.0,
MYL6888OO001,288667.0,,MY,2022,0.001069346284591,0.0,0.0008430336714347,-0.0003149709074033,0.0005280627640313,
NL0000289213,23917.0,,NL,2021,0.0011987590491195,0.0,0.0,0.0,0.0,
NL0010060661,296753.0,,NL,2012,0.0002294616630747,0.0,0.0004589233261494,0.0,0.0004589233261494,
NL0010545661,295786.0,,GB,2006,0.0003217524535177,0.0,0.0,0.0,0.0,
NL0010558797,314787.0,,NL,2022,0.0043685708740565,7.7615647314475e-05,0.0031393112215405,-0.0005962166663858,0.0025430945551545,
NL0010886891,100771.0,,NL,2014,0.0010210332856851,0.000204206657137,0.000612619971411,-0.000204206657137,0.000408413314274,
NL0011540547,320764.0,,NL,2022,0.0012280543190312,0.0,0.0004190505504902,-0.0001219512195121,0.000297099330978,
NL0011821392,321698.0,,NL,2018,0.0011868671522911,0.0,0.0009835797973645,0.0,0.0009835797973645,
NL0012969182,327401.0,,NL,2021,0.0004551661356395,0.0,0.0,0.0,0.0,
NL0015000IY2,350366.0,,NL,2021,0.0003392130257801,0.0,0.0003392130257801,0.0,0.0003392130257801,
NO0003028904,208224.0,,NO,2017,0.0002505341880341,0.0,0.0,0.0,0.0,
NO0003055501,239416.0,,NO,2023,0.0009179091263816,0.0,0.0009179091263816,-0.0001336183858898,0.0007842907404917,
NO0010031479,200705.0,,NO,2023,0.0002444544564104,0.0,0.0001281228750802,0.0,0.0001281228750802,
NO0010081235,276613.0,,NO,2023,0.006434266483933,0.0001967729240456,0.0019914711154732,-0.0001967729240456,0.0017946981914276,
NO0010098247,246147.0,,NO,2023,0.0005602394533943,0.0,0.0005390835579514,-0.0002695417789757,0.0002695417789757,
NO0010345853,275696.0,,NO,2019,0.001323791279709,0.0,0.0002770960576359,-7.6266015863325e-05,0.0002008300417726,
NO0010735343,319915.0,,NO,2022,0.000860812044351,0.0,0.0009062699653937,-0.0001794687724335,0.0007268011929601,
NO0010890304,339470.0,,NO,2024,0.0065447032868414,0.0004702165052537,0.0018269578332024,-0.0007631280459684,0.001063829787234,
NO0010895568,344040.0,,NO,2024,0.0172227605639424,0.0,0.0045222169614401,-0.001204294650122,0.003317922311318,
NO0012861667,344090.0,,NO,2022,0.001027776887328,0.0,0.0002647603918453,-0.0002647603918453,0.0,
NZAIAE0002S6,222761.0,,NZ,2023,0.004710364262603,0.0,0.0006041849130752,-0.0001622323166774,0.0004419525963977,
NZAPTE0001S3,226676.0,,NZ,2020,0.0012418454741469,0.0,0.0002171081198436,0.0,0.0002171081198436,
NZFCGE0001S7,270046.0,,NZ,2021,0.0026723677177979,0.0,0.0026723677177979,0.0,0.0026723677177979,
NZTELE0001S4,104831.0,,NZ,2006,0.0001864977064711,0.0,0.0001483239394838,-0.0001483239394838,0.0,
OM0000003968,295913.0,,OM,2012,0.0003984004667625,0.0,0.000156152404747,0.0,0.000156152404747,
PAI69PA00017,298636.0,,PA,2015,0.0003434616892785,0.0,0.0001148369315571,0.0,0.0001148369315571,
PAL1201471A1,7152.0,580037703,US,2003,0.0003225646310495,8.3444592790375e-05,0.0,0.0,0.0,58003770
PAL1201471A1,7152.0,580037703,US,2013,0.0003508109609726,8.3696016069625e-05,0.0003508109609726,-9.1709464416725e-05,0.0002591014965559,58003770
PHY7072Q1032,8544.0,,PH,2011,8.196721311475e-05,0.0,0.0,0.0,0.0,
PLEURCH00011,271783.0,,PL,2019,0.00034245818696,0.0,0.0,0.0,0.0,
PLTLKPL00017,224977.0,,PL,2015,0.0002266273581742,0.0,0.0001015022330491,0.0,0.0001015022330491,
PTPTC0AM0009,31882.0,,PT,2007,0.0001751313485113,0.0,0.0,0.0,0.0,
QA000A0NCQB1,287946.0,,QA,2024,0.0010050251256281,0.0,0.0,0.0,0.0,
RU0009084396,206619.0,,RU,2014,0.0001780626780626,0.0,0.0,0.0,0.0,
RU000A0DKVS5,273716.0,,RU,2014,0.0017754625364706,0.0001574521979764,0.000554170126678,-0.0003738375327632,0.0001803325939147,
RU000A0JPNM1,289434.0,,RU,2019,0.0074651018994475,0.0003882238336354,0.001874227998501,-0.0006333218728511,0.0012409061256498,
RU000A0JUG31,311549.0,,RU,2021,0.0006845904904157,0.0,0.0003111774956435,-0.0001867064973861,0.0001244709982574,
SE0000106270,102276.0,,SE,2007,0.0001402918069584,0.0,0.0004208754208754,0.0,0.0004208754208754,
SE0000113250,100980.0,,SE,2010,0.0020804462877017,0.0001179245283018,0.0014935131350638,-0.0002179645443082,0.0012755485907556,
SE0000242455,24578.0,,SE,2017,8.9126559714775e-05,0.0,0.0,0.0,0.0,
SE0000549412,234223.0,,SE,2022,0.0041135335252982,0.0,0.0008227067050596,0.0,0.0008227067050596,
SE0000722365,286433.0,,SE,2020,0.0004205214465937,0.0,0.0004205214465937,-0.0004205214465937,0.0,
SE0000872095,279143.0,,SE,2022,0.0001085069444444,0.0,0.0002170138888888,0.0,0.0002170138888888,
SE0001515552,274196.0,,SE,2020,0.0009771538131609,0.0,0.0013435694211196,0.0,0.0013435694211196,
SE0003849223,297864.0,,SE,2023,0.0026095935443564,0.0,0.0009800919107026,0.0,0.0009800919107026,
SE0006425815,318916.0,,SE,2024,0.0079281717760174,0.000483325277912,0.0031260492032511,-0.0026520629872453,0.0004739862160058,
SE0009778848,226740.0,,SE,2019,0.0002242152466367,0.0,0.0,-0.0002242152466367,-0.0002242152466367,
SE0009806607,324347.0,,SE,2019,0.0016325518058503,0.0,0.0012260382071887,0.0,0.0012260382071887,
SE0009921588,101585.0,,SE,2022,0.0070139089170115,0.0,0.0003560512247807,0.0,0.0003560512247807,
SE0010468116,326164.0,,SE,2023,0.0001030502885408,0.0,0.0001030502885408,0.0,0.0001030502885408,
SE0013747870,337712.0,,SE,2021,0.0006302554907937,0.0,0.0004646840148698,-0.0002153316106804,0.0002493524041894,
SE0013747870,337712.0,,SE,2022,0.0005977797806112,0.0,0.0003660755484464,0.0,0.0003660755484464,
SE0016075337,349273.0,,SE,2022,0.0129366106080207,0.0,0.0064683053040103,-0.001293661060802,0.0051746442432082,
SG1N89910219,256941.0,,SG,2022,0.0031811554875028,0.0004671885489923,0.0039817860523216,-0.0001260080645161,0.0038557779878055,
SG1U68934629,100076.0,,SG,2014,0.0014589396705142,0.0001132246376811,0.0005527345287886,-0.0003262852534263,0.0002264492753623,
SG9999000020,30170.0,,SG,2017,0.0014815713453358,0.0,0.0003894986411706,-0.0001520127204761,0.0002374859206944,
TH0554010Z06,212386.0,,TH,2009,0.0002312941028023,0.0,0.0,-0.0001184272856466,-0.0001184272856466,
TH0902010014,277881.0,,TH,2019,0.0005327334881492,0.0,0.0001091822251337,-0.0002908020263236,-0.0001816198011898,
TH0902010014,277881.0,,TH,2020,0.0005110221530707,0.0,0.0,-0.0003384298161705,-0.0003384298161705,
TRAAKBNK91N6,109299.0,,TR,2011,0.0017580938788406,0.0,0.0014695934768063,-0.0002465483234714,0.0012230451533349,
TRAISCTR91N2,203784.0,,TR,2013,0.0003179408289603,0.0,0.0,0.0,0.0,
TRAISCTR91N2,203784.0,,TR,2021,0.0001330494944119,0.0,0.0001330494944119,0.0,0.0001330494944119,
TRAKCHOL91Q8,203442.0,,TR,2013,0.0005439668121209,0.0,0.0001142595978062,0.0,0.0001142595978062,
TRECOLA00011,277972.0,,TR,2013,0.0008888861876802,0.0,0.0008909384046033,-0.000294927251278,0.0005960111533253,
TW0002311008,213412.0,,TW,2018,0.00064495324089,0.0,0.0004837149306675,0.0,0.0004837149306675,
TW0002324001,200935.0,,TW,2015,0.0007468259895444,0.0,0.0,0.0,0.0,
TW0002325008,208068.0,,TW,2009,0.0006678539626001,0.0,0.0,0.0,0.0,
TW0002337003,62824.0,,TW,2018,0.0016501650165016,0.0,0.0,0.0,0.0,
US0003602069,21542.0,000360206,US,2017,0.0015752841192374,0.0,0.0003938495200813,-0.0001125365743866,0.0002813129456946,00036020
US0010551028,1449.0,001055102,US,2006,0.0004877377315506,0.0,8.9221984296925e-05,-8.440243079e-05,4.819553506925009e-06,00105510
US0010551028,1449.0,001055102,US,2022,0.0003891676677415,0.0,7.8051826412725e-05,-7.8051826412725e-05,0.0,00105510
US00215Q1031,147661.0,00215Q103,US,2010,0.0003206384370402,0.0001130710085933,0.0003070501184588,0.0,0.0003070501184588,00215Q10
US0042391096,28323.0,004239109,US,2010,0.0001677095427095,0.0,0.0,0.0,0.0,00423910
US0048161048,1104.0,004816104,US,2024,0.0001734906315058,0.0,0.0001734906315058,0.0,0.0001734906315058,00481610
US00737L1035,3905.0,00737L103,US,2010,0.0002142245072836,0.0,0.000142816338189,0.0,0.000142816338189,00737L10
US00762W1071,145042.0,00762W107,US,2009,0.0002897994912529,0.0,0.0,0.0,0.0,00762W10
US00790R1041,20126.0,00790R104,US,2018,0.0004240189665609,0.0,0.0001256913021618,0.0,0.0001256913021618,00790R10
US0079421055,12108.0,007942105,US,2007,0.0007008414051044,0.0007008414051044,0.0,-0.0007008414051044,-0.0007008414051044,00794210
US0080731088,176362.0,008073108,US,2017,0.0036466796302972,0.0002885127569818,0.0019320523032859,-0.0017310765418909,0.0002009757613951,00807310
US00848J1043,31954.0,00848J104,US,2023,0.000342055755088,0.0,0.000171027877544,-0.000171027877544,0.0,00848J10
US00848K1016,27339.0,00848K101,US,2022,0.0007715894097314,0.0,0.0008534047204803,0.0,0.0008534047204803,00848K10
US0097281069,14304.0,009728106,US,2011,0.0001384274640088,0.0,0.0,0.0,0.0,00972810
US0113111076,27960.0,011311107,US,2018,0.0001365374112506,0.0,0.0,-0.0001365374112506,-0.0001365374112506,01131110
US0113111076,27960.0,011311107,US,2024,0.0008696536151842,0.0,0.0005286002509529,-0.0008469600090428,-0.0003183597580898,01131110
US0152711091,64821.0,015271109,US,2004,0.0004740418984115,0.0,0.0,0.0,0.0,01527110
US0152711091,64821.0,015271109,US,2006,0.0003415292387728,0.0,0.0,-0.0003415292387728,-0.0003415292387728,01527110
US01644J1088,38329.0,01644J108,US,2024,9.458948164964057e-05,0.0,0.0,0.0,0.0,01644J10
US01748H1077,26270.0,01748H107,US,2021,0.0003204045836456,0.0,0.0003337783711615,0.0,0.0003337783711615,01748H10
US01749D1054,37309.0,01749D105,US,2020,0.0080071174377224,0.0,0.0044483985765124,-0.0053380782918149,-0.0008896797153024,01749D10
US0185223007,7437.0,018522300,US,2005,0.0040170972073979,0.0001119570085087,0.0006531606575909,-0.0004883617123041,0.0001647989452867,01852230
US01988P1084,181104.0,01988P108,US,2020,0.0002303641265228,0.0,0.0,0.0,0.0,01988P10
US0200021014,28349.0,020002101,US,2009,0.0002233715636731,0.0,0.0001403705783267,-7.0185289163375e-05,7.0185289163375e-05,02000210
US0205201025,163939.0,020520102,US,2015,0.0010708423690797,0.0001993620414673,0.0001993620414673,-0.0001816860465116,1.7675994955674987e-05,02052010
US02076X1028,162448.0,02076X102,US,2012,0.0009566609151003,0.0,0.0001324152542372,-0.000260962236311,-0.0001285469820737,02076X10
US0214411003,14324.0,021441100,US,2013,0.000105174589819,0.0,0.0,0.0,0.0,02144110
US02155H2004,31249.0,02155H200,US,2011,0.0005739606991211,0.0,0.0003209242618741,0.0,0.0003209242618741,02155H20
US02208R1068,176247.0,02208R106,US,2014,0.0015011256011633,0.0,0.0012441614334032,-0.000364188098152,0.0008799733352512,02208R10
US02376R1023,1045.0,02376R102,US,2015,0.0001875167384703,0.0,0.0003121087349321,0.0,0.0003121087349321,02376R10
US02503Y1038,65345.0,02503Y103,US,2007,0.0002414493128137,0.0,6.281407035175e-05,0.0,6.281407035175e-05,02503Y10
US0279041018,1523.0,027904101,US,2011,0.0003448275862068,0.0,0.0001724137931034,0.0,0.0001724137931034,02790410
US0294291077,1554.0,029429107,US,2014,0.0003475085544212,0.0,0.000197628458498,0.0,0.000197628458498,02942910
US0301112076,24795.0,030111207,US,2004,0.0083303340844726,0.0003206027187274,0.0020548313193872,-0.0003882041486415,0.0016666271707456,03011120
US03071H1005,164572.0,03071H100,US,2013,0.0001597444089456,0.0,0.0,0.0,0.0,03071H10
US0325151084,31743.0,032515108,US,2010,0.000388456246794,0.0,0.0002357378595002,-0.0001178689297501,0.0001178689297501,03251510
US0326541051,1632.0,032654105,US,2013,0.0014810153234142,0.0,0.0019718686660499,-0.0002779826748988,0.001693885991151,03265410
US03349M1053,10466.0,03349M105,US,2007,0.0021842542640782,0.0,0.0011328617895826,-0.0001067919692439,0.0010260698203386,03349M10
US03839G1058,132361.0,03839G105,US,2005,0.0002186185630169,0.0,6.8605927552125e-05,0.0,6.8605927552125e-05,03839G10
US0390142042,23098.0,039014204,US,2017,0.0009726199384528,0.0,0.000805730752872,0.0,0.000805730752872,03901420
US03937C1053,1743.0,03937C105,US,2010,0.0002403771101128,0.0,0.0,0.0,0.0,03937C10
US03937R1023,117862.0,03937R102,US,2002,0.0008584162427762,0.0,0.0,-0.0002063557573256,-0.0002063557573256,03937R10
US0401491065,161965.0,040149106,US,2005,0.0007606516630207,0.0,0.0002886836027713,0.0,0.0002886836027713,04014910
US0402212023,187720.0,040221202,US,2016,0.0002572117989564,0.0,0.0,0.0,0.0,04022120
US04033A1007,30674.0,04033A100,US,2007,0.0004243581582855,0.0,0.0,0.0,0.0,04033A10
US04247X1028,175689.0,04247X102,US,2024,0.0026200853576573,0.0,0.0021194101230777,-0.0005602691488765,0.0015591409742012,04247X10
US04367G1031,18666.0,04367G103,US,2024,0.0004246284501061,0.0,0.0,0.0,0.0,04367G10
US0441031095,155754.0,044103109,US,2004,0.0003012032611169,0.0,9.208103130755e-05,0.0,9.208103130755e-05,04410310
US04621X1081,157057.0,04621X108,US,2016,0.0004418459820469,0.0,8.3752093802325e-05,0.0,8.3752093802325e-05,04621X10
US0462201098,61544.0,046220109,US,2007,0.0002784739626844,0.0,0.0,0.0,0.0,04622010
US05069A3023,122094.0,05069A302,US,2006,0.0001861089420899,0.0,9.0579710144925e-05,-9.5529231944975e-05,-4.949521800049996e-06,05069A30
US0534841012,29875.0,053484101,US,2012,0.0002568424119907,0.0,0.000177095631641,0.0,0.000177095631641,05348410
US05367P1003,27925.0,05367P100,US,2017,0.0004925221835257,0.0,0.0,-6.6102591221575e-05,-6.6102591221575e-05,05367P10
US05367P1003,27925.0,05367P100,US,2018,0.000220221461025,0.0,0.0001106684373616,-0.0002213368747233,-0.0001106684373616,05367P10
US0537741052,3278.0,053774105,US,2012,0.0004456198093217,6.5634024678375e-05,0.0001529051987767,0.0,0.0001529051987767,05377410
US05465C1009,162560.0,05465C100,US,2015,8.65650969529e-05,0.0,8.65650969529e-05,0.0,8.65650969529e-05,05465C10
US05541T1016,127377.0,05541T101,US,2021,0.0016640467442737,0.0,0.0001042970379641,0.0,0.0001042970379641,05541T10
US0576652004,1979.0,057665200,US,2018,0.0004129862176694,0.0,0.0002110595187842,0.0,0.0002110595187842,05766520
US05988J1034,32571.0,05988J103,US,2022,0.00081217595186,0.0,0.0001124606387764,-0.0001308215593929,-1.8360920616549987e-05,05988J10
US06684L1035,23703.0,06684L103,CN,2024,0.0005347789924274,0.0,0.0001191043353978,0.0,0.0001191043353978,06684L10
US0736851090,160598.0,073685109,US,2008,0.0002900686885025,0.0,0.0001925267454671,-0.000195083886071,-2.5571406038999925e-06,07368510
US0736851090,160598.0,073685109,US,2020,0.0001551846214368,0.0,7.33783387144e-05,0.0,7.33783387144e-05,07368510
US0737301038,1408.0,073730103,US,2011,0.0004484949041596,0.0,0.0007845038690616,0.0,0.0007845038690616,07373010
US0758961009,25338.0,075896100,US,2018,0.0003342048104995,0.0,7.180812868013334e-05,0.0,7.180812868013334e-05,07589610
US08265T2087,37076.0,08265T208,US,2024,0.0035598514129519,7.098239636570131e-05,0.0014154797776034,-0.0004057522333656,0.0010097275442377,08265T20
US08579W1036,180483.0,08579W103,US,2017,0.0003644448008325,0.0,7.409602845285e-05,-7.409602845285e-05,0.0,08579W10
US0903271072,112752.0,090327107,US,2003,0.0001106194690265,0.0,0.0,0.0,0.0,09032710
US09061G1013,122257.0,09061G101,US,2022,6.2158130283425e-05,0.0,6.2158130283425e-05,0.0,6.2158130283425e-05,09061G10
US09062X1037,24468.0,09062X103,US,2003,0.0003539356075081,0.0,0.0,0.0,0.0,09062X10
US09064X1019,166569.0,09064X101,US,2012,0.0001359434475258,0.0,0.0,0.0,0.0,09064X10
US09180C1062,63739.0,09180C106,US,2015,0.0004567755341368,0.0,0.0,0.0,0.0,09180C10
US09247X1019,124434.0,09247X101,US,2011,0.0002518118717899,0.0,0.0,0.0,0.0,09247X10
US1080351067,63135.0,108035106,US,2020,0.0001237623762376,0.0,0.0,0.0,0.0,10803510
US10807Q7007,176768.0,10807Q700,US,2018,0.0003131094207065,0.0,0.0001468860164512,0.0,0.0001468860164512,10807Q70
US1096411004,3007.0,109641100,US,2009,0.0002344006568385,0.0,0.0003388299073864,-0.0001214573543763,0.00021737255301,10964110
US1152361010,15417.0,115236101,US,2013,0.001371837049975,7.215007215005e-05,7.215007215005e-05,0.0,7.215007215005e-05,11523610
US1152361010,15417.0,115236101,US,2019,0.0006597810587661,0.0001054407423028,0.0001054407423028,-0.0003163222269084,-0.0002108814846056,11523610
US1250711009,2538.0,125071100,US,2008,0.0028508321835779,0.0,0.0010373799725651,-0.0002630595386193,0.0007743204339458,12507110
US12510Q1004,39378.0,12510Q100,US,2023,0.0015751068174134,7.656967840735e-05,0.0004526915979631,-0.0005923780098161,-0.0001396864118529,12510Q10
US12618T1051,109919.0,12618T105,US,2008,0.0035956409552254,9.1911764705875e-05,0.001427715353566,-0.0015121979604736,-8.448260690760003e-05,12618T10
US1266501006,7241.0,126650100,US,2010,0.0001331233300003,0.0,0.0003535067873303,0.0,0.0003535067873303,12665010
US1270971039,20548.0,127097103,US,2008,0.0006799886306154,0.0,9.8077677520575e-05,-0.0001122586439155,-1.4180966394999995e-05,12709710
US12709P1030,133726.0,12709P103,US,2016,0.0003836587489118,0.0,0.0002499689093396,0.0,0.0002499689093396,12709P10
US1280582032,4632.0,128058203,US,2019,0.0004444144728141,0.0,0.0,0.0,0.0,12805820
US1307881029,2628.0,130788102,US,2014,0.0057724135428789,0.0,0.0016937669376693,-0.0019512334670204,-0.0002574665293511,13078810
US1307881029,2628.0,130788102,US,2016,0.0087066697966136,0.0001977848101265,0.0022176727640441,-0.0037200096907973,-0.0015023369267532,13078810
US13123E5006,156613.0,13123E500,US,2006,0.0008682123691536,0.0,0.0001272264631043,-0.0003816793893129,-0.0002544529262086,13123E50
US1400711016,62642.0,140071101,US,2004,0.0001652346331791,0.0,0.0,-0.0001652346331791,-0.0001652346331791,14007110
US14149Y1082,2751.0,14149Y108,US,2021,0.0005568023010355,0.0,0.0,0.0,0.0,14149Y10
US1417881091,32541.0,141788109,US,2018,0.000226066984253,0.0,6.6720042700825e-05,0.0,6.6720042700825e-05,14178810
US1444601025,112874.0,144460102,US,2003,0.0001221896383186,0.0,0.0001221896383186,0.0,0.0001221896383186,14446010
US14575E1055,29155.0,14575E105,US,2024,0.0009488649623925,0.0,0.0003701791233899,-0.0001101321585903,0.0002600469647995,14575E10
US1475281036,2807.0,147528103,US,2011,0.0002631421402952,0.0,0.0,0.0,0.0,14752810
US15117N5032,2990.0,15117N503,US,2004,0.0009431831062748,0.0004341218152954,0.0,-0.0013023654458863,-0.0013023654458863,15117N50
US15189T1079,5742.0,15189T107,US,2008,0.0053591109271726,0.0002342785710278,0.0008890702062688,-0.0008619125741029,2.715763216592501e-05,15189T10
US15670S4021,61338.0,15670S402,US,2005,0.0003028680285126,0.0,9.8580441640375e-05,-0.0001992825827022,-0.0001007021410618,15670S40
US15670S4021,61338.0,15670S402,US,2008,0.0001901399308455,0.0,9.335324869305e-05,-0.0001867064973861,-9.335324869305e-05,15670S40
US1567101050,2888.0,156710105,US,2005,0.0020203179998265,0.0,0.0001917911477117,-0.0001938687131145,-2.0775654028249964e-06,15671010
US16119P1084,126136.0,16119P108,US,2018,0.0001523289433798,0.0,0.0001469291801351,-7.3464590067575e-05,7.3464590067575e-05,16119P10
US1628131096,61355.0,162813109,US,2005,0.0001359804188196,0.0,0.0,-0.0001359804188196,-0.0001359804188196,16281310
US1630721017,25737.0,163072101,US,2021,0.0003828266565272,0.0,0.0,-7.78089013383e-05,-7.78089013383e-05,16307210
US16411R2085,29453.0,16411R208,US,2021,0.0103869329362187,0.0001293326435592,0.003701401595927,-0.0021806657951551,0.0015207358007719,16411R20
US1651671075,27786.0,165167107,US,2006,0.0001679731243001,0.0,0.0,0.0,0.0,16516710
US1667641005,2991.0,166764100,US,2016,0.0005302210583047,8.39489590329e-05,0.0,-0.000154130702836,-0.000154130702836,16676410
US1696561059,165914.0,169656105,US,2009,0.0007417574964079,0.0,0.0007344544706315,0.0,0.0007344544706315,16965610
US1699051066,65615.0,169905106,US,2010,8.2481029363225e-05,0.0,0.0,0.0,0.0,16990510
US1714841087,3028.0,171484108,US,2017,0.0002511124427048,0.0,0.0002423043262393,0.0,0.0002423043262393,17148410
US1717793095,64356.0,171779309,US,2017,0.0004793797042217,0.0,0.000439272114316,-6.898930665746e-05,0.0003702828076585,17177930
US1727551004,16401.0,172755100,US,2013,0.0007293012063844,0.0,0.0002656748140276,-0.0002494962964211,1.6178517606450017e-05,17275510
US17275R1023,20779.0,17275R102,US,2006,8.698895610008e-05,0.0,0.0,0.0,0.0,17275R10
US1729674242,3243.0,172967424,US,2011,0.0002033654650221,0.0,0.0001676352257487,-9.160864785635e-05,7.602657789240001e-05,17296742
US1729674242,3243.0,172967424,US,2016,0.000906839916082,5.4860653938975e-05,9.8116169544725e-05,-0.0003102505888637,-0.0002121344193189,17296742
US17306X1028,163051.0,17306X102,US,2014,0.0002059308072487,0.0,0.0,0.0,0.0,17306X10
US1795841071,3087.0,179584107,US,2004,0.0001977043009575,0.0,0.0,0.0,0.0,17958410
US18418N1072,166199.0,18418N107,US,2006,0.0001989653800238,0.0,0.0,0.0,0.0,18418N10
US1844961078,14027.0,184496107,US,2006,0.002227796022499,0.0002076952939654,0.0009753357425297,-0.0002076952939654,0.0007676404485644,18449610
US1920051067,179841.0,192005106,US,2011,0.0033301943794974,0.0,0.002067247433116,-0.0001830161054172,0.0018842313276987,19200510
US1924221039,16188.0,192422103,US,2004,0.0002142245072836,0.0,0.0,0.0,0.0,19242210
US2026081057,160570.0,202608105,US,2005,0.0001635590448151,0.0,0.0,0.0,0.0,20260810
US20453E1091,164543.0,20453E109,US,2008,0.000359447797632,0.0,0.000274825943569,-9.160864785635e-05,0.0001832172957127,20453E10
US2057683029,34010.0,205768302,US,2021,0.0033235644277194,0.0,0.0017626391499434,-6.7132116004275e-05,0.0016955070339391,20576830
US2058591015,176289.0,205859101,US,2011,0.0053170962773215,0.0,0.00178395250306,-0.0009171571171495,0.0008667953859104,20585910
US2058624022,12884.0,205862402,US,2005,0.0003909304143862,0.0,0.0003909304143862,0.0,0.0003909304143862,20586240
US2093411062,30310.0,209341106,US,2005,0.0003037954124308,0.0,0.0006016847172081,0.0,0.0006016847172081,20934110
US21036P1084,2710.0,21036P108,US,2007,7.9440737210025e-05,0.0,7.9440737210025e-05,0.0,7.9440737210025e-05,21036P10
US21036P1084,2710.0,21036P108,US,2008,7.3142188414275e-05,0.0,0.0,0.0,0.0,21036P10
US2124851062,113419.0,212485106,US,2013,0.0001486325802615,0.0,0.0001486325802615,0.0,0.0001486325802615,21248510
US2166484020,3504.0,216648402,US,2020,0.0004484326537299,0.0,0.0001494873054664,-7.53693096171e-05,7.4117995849375e-05,21664840
US2186811046,162876.0,218681104,US,2007,0.0002223146737869,0.0,0.0001004823151125,0.0,0.0001004823151125,21868110
US2193501051,3532.0,219350105,US,2009,0.0003772773803244,0.0001515610791148,7.5780539557425e-05,-0.0001406865503657,-6.490601080835002e-05,21935010
US22357R1032,18571.0,22357R103,US,2014,0.0007042253521126,0.0,0.0014084507042253,0.0,0.0014084507042253,22357R10
US22410J1060,3570.0,22410J106,US,2005,0.0001337387834735,0.0,0.0,-6.0916179337225e-05,-6.0916179337225e-05,22410J10
US22413E1047,21427.0,22413E104,US,2003,0.0006816632583503,0.0,0.0,0.0,0.0,22413E10
US2290503075,162146.0,229050307,US,2021,0.0009502042478475,0.0,0.0,-0.0004132807915732,-0.0004132807915732,22905030
US2296631094,160990.0,229663109,US,2016,0.0012983343552489,0.0,0.0009951866476177,-0.0001156336725254,0.0008795529750923,22966310
US2302151053,3647.0,230215105,US,2016,0.0003166752327696,0.0,0.0004211117349803,0.0,0.0004211117349803,23021510
US2307701092,178097.0,230770109,US,2022,0.0001308215593929,0.0,0.0,0.0,0.0,23077010
US23283K4022,254096.0,23283K402,US,2017,0.0003866020911044,0.0,0.0,-0.0001464557703573,-0.0001464557703573,23283K40
US2331625028,133945.0,233162502,US,2010,0.0001269035532994,0.0,0.0,-0.0001269035532994,-0.0001269035532994,23316250
US23753F1075,24855.0,23753F107,US,2021,0.0025692120399743,0.0001091226538629,0.0017114201351728,-0.001336620267725,0.0003747998674477,23753F10
US23753F1075,24552.0,23753F107,US,2022,0.0007537276756035,6.9213732004425e-05,0.0001384274640088,-6.9213732004425e-05,6.9213732004425e-05,23753F10
US2379341041,113269.0,237934104,US,2014,0.0001110617503331,0.0,0.0,0.0,0.0,23793410
US2423702032,62655.0,242370203,US,2018,0.0001785483628585,0.0,0.0,0.0,0.0,24237020
US2427281033,3824.0,242728103,US,2003,0.0002808199943836,0.0,0.0,0.0,0.0,24272810
US24372A3059,22010.0,24372A305,US,2024,0.0014641288433382,0.0,0.0014641288433382,0.0,0.0014641288433382,24372A30
US2441991054,3835.0,244199105,US,2020,0.0005874601056327,0.0,7.2695551032275e-05,-7.977026164645e-05,-7.074710614175e-06,24419910
US24784L1052,64423.0,24784L105,US,2009,0.0001007252215954,0.0,0.0001007252215954,0.0,0.0001007252215954,24784L10
US25065D1000,27936.0,25065D100,US,2015,0.0003425548782407,0.0,0.0,0.0,0.0,25065D10
US25213A1079,37130.0,25213A107,US,2010,0.0002736926088678,0.0,6.67735042735e-05,0.0,6.67735042735e-05,25213A10
US2533931026,150139.0,253393102,US,2009,7.372456502505e-05,0.0,0.0,-7.372456502505e-05,-7.372456502505e-05,25339310
US2537981027,16710.0,253798102,US,2004,0.0006594869511922,0.0,0.0001374381528312,0.0,0.0001374381528312,25379810
US25746U1097,4029.0,25746U109,US,2020,0.0146160619548726,0.0007827114809483,0.0067415854996602,-0.0021640898311927,0.0045774956684675,25746U10
US2575592033,176760.0,257559203,US,2010,0.0022422013195951,0.0,0.0007313423928079,-0.000570125427594,0.0001612169652139,25755920
US2585981010,175835.0,258598101,US,2008,0.0001161710037174,0.0,0.0,-0.0002323420074349,-0.0002323420074349,25859810
US25985W1053,35419.0,25985W105,CN,2023,0.0002738010335869,0.0,0.00045375822333,-9.538344143455e-05,0.0003583747818954,25985W10
US26210V1026,37751.0,26210V102,US,2024,0.0004116901362748,0.0,0.0,-0.0001609269391696,-0.0001609269391696,26210V10
US2641471097,4091.0,264147109,US,2010,0.0004977589027727,0.0,0.0001837073971632,-0.0002606882168925,-7.698081972934999e-05,26414710
US2691511065,61396.0,269151106,US,2006,0.0004616568169027,0.0,0.0,0.0,0.0,26915110
US2692464017,63501.0,269246401,US,2006,0.0002948263608287,0.0,0.000238885434447,0.0,0.000238885434447,26924640
US27579R1041,118042.0,27579R104,US,2013,0.0002706884028247,0.0,4.05449237755375e-05,0.0,4.05449237755375e-05,27579R10
US27579R1041,118042.0,27579R104,US,2015,0.0011468946791431,0.0,0.000294923544059,-0.0002894730083866,5.450535672399989e-06,27579R10
US2772761019,4193.0,277276101,US,2005,0.0003393324568121,0.0,0.0,-0.000191570881226,-0.000191570881226,27727610
US2772761019,4193.0,277276101,US,2021,0.0004117695411524,8.1247968800775e-05,0.0003305215723516,0.0,0.0003305215723516,27727610
US27923Q1094,32285.0,27923Q109,US,2023,0.0061455988999843,0.0011618121876682,0.0035678914776513,-0.0013666369185454,0.0022012545591058,27923Q10
US2805972047,136646.0,280597204,US,2004,9.7962382445125e-05,0.0,0.0,0.0,0.0,28059720
US2852291002,4274.0,285229100,US,2010,0.0008867968179653,0.0,0.0,0.0,0.0,28522910
US2908462037,64637.0,290846203,US,2022,0.0002721766226477,0.0,0.0001316482359136,-0.0001316482359136,0.0,29084620
US2915254005,15337.0,291525400,US,2003,0.0004707331457567,0.0,0.0001159554730983,-0.0001182592242194,-2.30375112115e-06,29152540
US2921041065,170714.0,292104106,US,2014,0.0008811455251723,0.0,0.0007316686940811,-0.0001494768310911,0.0005821918629899,29210410
US29250R1068,24810.0,29250R106,US,2009,0.0016388383041391,0.0,0.0001143118427069,0.0,0.0001143118427069,29250R10
US2926591098,4352.0,292659109,US,2002,0.0223296078486881,0.0021751789403397,0.0092434171369061,-0.0029802802537528,0.0062631368831533,29265910
US29266S3040,63083.0,29266S304,US,2007,0.0005130836326321,0.0,0.0,-0.0005130836326321,-0.0005130836326321,29266S30
US29272C1036,19977.0,29272C103,US,2014,0.0019837779386727,0.0,0.0005505774437144,0.0,0.0005505774437144,29272C10
US29278N1037,141720.0,29278N103,US,2003,0.0008278145695364,0.0,0.0,0.0,0.0,29278N10
US29336U1079,150277.0,29336U107,US,2014,0.0004246252760739,0.0,0.0004246252760739,0.0,0.0004246252760739,29336U10
US29355X1072,148950.0,29355X107,US,2006,0.0003883445964519,0.0,0.0002398003302606,0.0,0.0002398003302606,29355X10
US2935941078,39251.0,293594107,US,2022,0.0053152051438776,0.0,0.0036693321565687,-0.0005452195977081,0.0031241125588606,29359410
US29363J1088,187721.0,29363J108,US,2018,0.0003274597746636,0.0,0.0002883506343713,-0.000183284457478,0.0001050661768933,29363J10
US2937921078,112876.0,293792107,US,2009,0.0016525230363344,0.0001501952538299,0.0003609970125021,-0.0003744575585492,-1.3460546047125008e-05,29379210
US2941001024,4418.0,294100102,US,2013,0.0006229322233119,0.0,0.000370151636861,-0.0010111223458038,-0.0006409707089428,29410010
US29444U7000,138743.0,29444U700,US,2018,0.0004869569553239,0.0,0.0,0.0,0.0,29444U70
US29476L1070,28733.0,29476L107,US,2011,5.584096493185e-05,0.0,0.0,0.0,0.0,29476L10
US30049A1079,62626.0,30049A107,US,2009,0.0001665833749791,0.0,0.0,0.0,0.0,30049A10
US30050B1017,23818.0,30050B101,US,2019,0.0004442208194941,0.0,0.0003864840989399,-0.0001104240282685,0.0002760600706713,30050B10
US3006451088,4476.0,300645108,US,2005,0.0002199479316125,0.0,0.0,0.0,0.0,30064510
US30219G1085,25356.0,30219G108,US,2005,0.0007036355231988,0.0,0.0005456077103037,-0.0001117568171658,0.0004338508931379,30219G10
US30258N1054,32592.0,30258N105,US,2024,0.0001428571428571,0.0,0.0,0.0,0.0,30258N10
US30555Q1085,185277.0,30555Q108,US,2016,0.000158483998488,0.0,0.000158483998488,0.0,0.000158483998488,30555Q10
US31573A1097,30806.0,31573A109,BR,2017,0.0019699179354226,0.0002107921318447,0.0007769559500328,-0.0004330143540669,0.0003439415959659,31573A10
US31620M1062,165993.0,31620M106,US,2024,0.0003151594654745,0.00017283097131,0.0,0.0,0.0,31620M10
US3168271043,160855.0,316827104,CN,2007,9.10746812386e-05,0.0,0.0,0.0,0.0,31682710
US3175854047,121713.0,317585404,US,2006,0.0001881113619262,0.0,0.0,0.0,0.0,31758540
US3377381088,12635.0,337738108,US,2013,6.77690431011e-05,0.0,0.0,0.0,0.0,33773810
US3377381088,12635.0,337738108,US,2019,0.0003416466740399,7.80031201248e-05,0.0001318217769575,-7.80031201248e-05,5.3818656832750007e-05,33773810
US33832D1063,146500.0,33832D106,US,2017,0.0001722949689869,0.0,0.0,0.0,0.0,33832D10
US3390991038,4768.0,339099103,US,2007,0.0004293000456756,0.0,0.000323457539325,-0.0001058425063505,0.0002176150329745,33909910
US34407D1090,178405.0,34407D109,IE,2010,0.0010211397446096,0.0002894727867159,0.0001375894331315,-0.0004270622198474,-0.0002894727867159,34407D10
US3458381064,4843.0,345838106,US,2012,0.0001310272536687,0.0,0.0,-6.5513626834375e-05,-6.5513626834375e-05,34583810
US3463751087,148390.0,346375108,US,2019,0.0004918376838531,9.7200622083975e-05,0.0001907985254909,-9.7200622083975e-05,9.359790340695e-05,34637510
US3465631097,64061.0,346563109,US,2024,0.0001074806534823,0.0,0.0002149613069647,0.0,0.0002149613069647,34656310
US3513211041,65128.0,351321104,US,2005,0.0003813882532418,0.0,0.0,0.0,0.0,35132110
US3535141028,4881.0,353514102,US,2015,0.0007367000431721,0.0,0.0002070961517847,-9.4553706505275e-05,0.0001125424452794,35351410
US3535141028,4881.0,353514102,US,2021,0.0018793027704245,0.0,0.0015775222112389,-0.0004038041221902,0.0011737180890486,35351410
US3546131018,4885.0,354613101,US,2008,0.0001831501831501,0.0,0.0,0.0,0.0,35461310
US3561081007,12403.0,356108100,US,2008,0.0002024134444667,0.0,9.534706331045e-05,-0.0001070663811563,-1.1719317845849996e-05,35610810
US3587481017,4911.0,358748101,US,2003,0.0004240882103477,0.0,0.0,0.0,0.0,35874810
US35906A3068,135484.0,35906A306,US,2007,0.0004973204130704,0.0,0.0002012072434607,0.0,0.0002012072434607,35906A30
US3595231073,28819.0,359523107,US,2013,0.013491123888376,0.0004950456752804,0.002961618022441,-0.0045817228595242,-0.0016201048370831,35952310
US3596941068,4926.0,359694106,US,2014,7.5597218022375e-05,0.0,0.0,0.0,0.0,35969410
US36113E1073,165979.0,36113E107,CN,2011,0.0009662787072575,0.0,0.0002317203164085,0.0,0.0002317203164085,36113E10
US3612681052,4936.0,361268105,US,2007,0.0001367989056087,0.0,6.8399452804375e-05,0.0,6.8399452804375e-05,36126810
US36162J1060,30536.0,36162J106,US,2013,0.0052027029811784,0.0,0.0020284529430612,-0.0018924480107215,0.0001360049323396,36162J10
US3616522096,160719.0,361652209,US,2008,0.0020611675542417,0.0002688038263271,0.000527733844948,-0.0003426260346905,0.0001851078102575,36165220
US3616522096,160719.0,361652209,US,2011,0.0011726710203831,0.0,0.0003136479668185,0.0,0.0003136479668185,36165220
US36191J1016,186993.0,36191J101,US,2017,0.0001255020080321,0.0,0.0,0.0,0.0,36191J10
US36191J1016,186993.0,36191J101,US,2018,0.00042015123718,0.0,0.0,0.0,0.0,36191J10
US36197T1034,247881.0,36197T103,GB,2019,8.033419023135e-05,0.0,0.0,0.0,0.0,36197T10
US36227K1060,61077.0,36227K106,US,2021,0.0102080816016602,0.0002167003756139,0.0055898103367612,-0.0014508056877083,0.0041390046490529,36227K10
US36269P1049,125601.0,36269P104,US,2013,0.0005687579735878,0.0,0.0004472808112943,-0.0002172024326672,0.000230078378627,36269P10
US3635761097,4973.0,363576109,US,2022,0.0021994433525331,0.0001657275439177,0.0002476410432624,-0.0003396168812798,-9.1975838017425e-05,36357610
US36467J1088,18792.0,36467J108,US,2021,0.0001792022674991,8.7290502793275e-05,0.0,0.0,0.0,36467J10
US37184C1036,66519.0,37184C103,US,2005,0.0003188063775695,0.0,0.0001535626535626,-7.6781326781325e-05,7.6781326781325e-05,37184C10
US37186H1005,35890.0,37186H100,CN,2020,0.0004043671653861,0.0,0.0,0.0,0.0,37186H10
US3724601055,5125.0,372460105,US,2016,0.0004132279833232,0.0,0.0,0.0,0.0,37246010
US37250U2015,166564.0,37250U201,US,2007,0.0028711724741237,0.0,0.0007209805335255,-0.0014746238316062,-0.0007536432980806,37250U20
US37364X1090,65896.0,37364X109,US,2018,0.0001847745750184,0.0,0.0,-0.0003695491500369,-0.0003695491500369,37364X10
US3755581036,24856.0,375558103,US,2018,7.7615647314475e-05,0.0,0.0,0.0,0.0,37555810
US3794631024,186169.0,379463102,US,2019,0.0036816897122388,0.0,0.0011961722488038,0.0,0.0011961722488038,37946310
US3806141079,5208.0,380614107,US,2005,0.0002312431701231,0.0,0.0,0.0,0.0,38061410
US3821408792,22543.0,382140879,US,2024,0.0003134796238244,0.0,0.0,0.0,0.0,38214087
US38526M1062,180083.0,38526M106,US,2009,0.0003742608505388,0.0,0.0001126633618747,0.0,0.0001126633618747,38526M10
US39854F1012,37428.0,39854F101,US,2024,0.0003061328340411,0.0,0.0003652300949598,0.0,0.0003652300949598,39854F10
US39874R1014,189579.0,39874R101,US,2020,0.0002196401243857,0.0,0.0,0.0,0.0,39874R10
US40425X4079,296608.0,40425X407,RU,2013,0.0005195095829536,0.0,0.0,0.0,0.0,40425X40
US4052171000,29609.0,405217100,US,2009,0.0001639293711794,0.0,8.3724045545875e-05,-8.02053256336e-05,3.518719912275005e-06,40521710
US4165151048,61739.0,416515104,US,2005,0.0005610772683552,0.0,0.0001603077909586,0.0,0.0001603077909586,41651510
US4198701009,5526.0,419870100,US,2021,0.0117636965371281,7.2695551032275e-05,0.0106362336277356,-0.0027252866739799,0.0079109469537557,41987010
US4262811015,11811.0,426281101,US,2023,0.0010815477898275,0.0001320655044902,0.0002865750020859,0.0,0.0002865750020859,42628110
US4325891095,9411.0,432589109,US,2009,9.1575091575075e-05,0.0,0.0,0.0,0.0,43258910
US4373061039,30539.0,437306103,US,2004,0.0005091962542931,8.3028894055125e-05,8.55285665412e-05,-8.3028894055125e-05,2.4996724860750093e-06,43730610
US4391042094,5697.0,439104209,US,2016,0.0002185314685314,0.0,0.0,0.0,0.0,43910420
US43940T1097,66235.0,43940T109,US,2009,0.0002505804594753,0.0,0.0,0.0,0.0,43940T10
US4406943054,176639.0,440694305,US,2009,0.0019853056253381,0.0002023472278429,0.0001756234632946,-0.0003779706911376,-0.0002023472278429,44069430
US44109J1060,25424.0,44109J106,US,2023,0.0001135331516802,0.0,0.0002270663033605,0.0,0.0002270663033605,44109J10
US44930G1076,25110.0,44930G107,US,2015,0.000498861936568,0.0,9.14411119239e-05,-9.14411119239e-05,0.0,44930G10
US44934S2068,12874.0,44934S206,US,2012,0.0001381406271584,0.0,0.0001381406271584,0.0,0.0001381406271584,44934S20
US44951X1046,38419.0,44951X104,CN,2022,0.0010526315789473,0.0,0.0007894736842105,0.0,0.0007894736842105,44951X10
US45071R1095,140759.0,45071R109,US,2014,0.0002177226213803,0.0,0.0,0.0,0.0,45071R10
US4511071064,5870.0,451107106,US,2019,0.0180615236169333,0.0,0.0082995575528218,-0.0050070987200827,0.003292458832739,45110710
US45168K4058,61899.0,45168K405,US,2014,0.0005667633186818,0.0,0.0,0.0,0.0,45168K40
US4523271090,138205.0,452327109,US,2007,0.0003339717105955,0.0,0.0,-7.3464590067575e-05,-7.3464590067575e-05,45232710
US4523271090,138205.0,452327109,US,2008,0.0001282552184427,0.0,0.0,0.0,0.0,45232710
US45337C1027,29127.0,45337C102,US,2020,0.0001633986928104,0.0,0.0002450980392156,0.0,0.0002450980392156,45337C10
US45666Q1022,120134.0,45666Q102,US,2011,0.0003263903308975,0.0,0.0,0.0,0.0,45666Q10
US4576693075,136186.0,457669307,US,2020,0.0004070194799523,0.0,0.0001674555144209,-9.534706331045e-05,7.210845111045e-05,45766930
US45779A8466,186953.0,45779A846,IL,2022,0.0007038829550511,0.0,0.0016557817831181,0.0,0.0016557817831181,45779A84
US45812P1075,31488.0,45812P107,US,2010,0.0015823805933974,0.0,0.0003955951483493,-0.0002164481535426,0.0001791469948067,45812P10
US4581401001,6008.0,458140100,US,2004,0.0001461498884976,0.0,0.0,-0.0001461498884976,-0.0001461498884976,45814010
US45826J1051,27155.0,45826J105,US,2023,9.0252707581225e-05,0.0,0.0,0.0,0.0,45826J10
US45867G1013,6100.0,45867G101,US,2007,0.0001900071541447,0.0,0.0,0.0,0.0,45867G10
US4592001014,6066.0,459200101,US,2020,0.0010137665414955,6.4283877603475e-05,0.0008725862406993,-0.0001269035532994,0.0007456826873998,45920010
US4603352018,6116.0,460335201,US,2008,0.0001826817683595,0.0,0.0,-9.134088417975e-05,-9.134088417975e-05,46033520
US46116V1052,31521.0,46116V105,US,2008,0.0062611168421456,0.0005510143887899,0.0025917399247433,-0.0010577233607158,0.0015340165640274,46116V10
US46145F1057,30146.0,46145F105,US,2017,0.0002286130051589,0.0,0.0,0.0,0.0,46145F10
US46266A1097,20945.0,46266A109,US,2020,0.0005458034027714,0.0,0.0,-0.0003719508297534,-0.0003719508297534,46266A10
US4626841013,62168.0,462684101,US,2022,0.0010888492779951,0.0,0.0011699903116191,0.0,0.0011699903116191,46268410
US4627261005,164416.0,462726100,US,2022,0.0001895375284306,0.0,0.0,0.0,0.0,46272610
US4764051052,23150.0,476405105,US,2019,0.0001152604887044,0.0,0.0,0.0,0.0,47640510
US4781601046,6266.0,478160104,US,2001,0.0001486767766874,0.0,0.0001486767766874,0.0,0.0001486767766874,47816010
US47973J1025,22082.0,47973J102,US,2019,0.0004303330282953,0.0,8.8464260438775e-05,0.0,8.8464260438775e-05,47973J10
US48020Q1076,65108.0,48020Q107,US,2024,0.0004007931501558,0.0,0.0004931416664195,0.0,0.0004931416664195,48020Q10
US48282T1043,25922.0,48282T104,US,2006,0.0011069727119995,0.0,0.0,-0.0001563477173233,-0.0001563477173233,48282T10
US4883602074,25848.0,488360207,US,2003,0.0001942501942501,0.0001942501942501,0.0,-0.0001942501942501,-0.0001942501942501,48836020
US4943681035,6435.0,494368103,US,2010,0.0001288468225968,0.0,0.0,0.0,0.0,49436810
US49446R1095,24731.0,49446R109,US,2021,0.0003320449710208,0.0,0.0003484331656534,-6.6489361702125e-05,0.0002819438039513,49446R10
US4945501066,25627.0,494550106,US,2003,0.0007764764952455,5.0393065914125e-05,0.0001681352697592,-0.0003102683257893,-0.0001421330560301,49455010
US4945501066,25627.0,494550106,US,2007,0.0010618530001869,0.0001221448638084,0.0002098410841013,-0.0002934364020064,-8.359531790510002e-05,49455010
US4972661064,6461.0,497266106,US,2018,0.0006636984100855,0.0,0.0001695144481119,-0.0001695144481119,0.0,49726610
US4974981056,148391.0,497498105,US,2002,0.0005364806866952,0.0,0.0,0.0,0.0,49749810
US49803L1098,20643.0,49803L109,US,2015,0.0002449779519843,0.0,0.0,0.0,0.0,49803L10
US50077C1062,166230.0,50077C106,US,2016,0.0005228897932478,0.0,7.46491489997e-05,0.0,7.46491489997e-05,50077C10
US50162D1000,161897.0,50162D100,US,2010,0.0050590219224283,0.0,0.0,-0.0011242270938729,-0.0011242270938729,50162D10
US5018101056,63635.0,501810105,US,2006,6.5841453779275e-05,0.0,0.0,0.0,0.0,50181010
US5053361078,6543.0,505336107,US,2010,9.534706331045e-05,0.0,0.0001906941266209,0.0,0.0001906941266209,50533610
US5147661046,62169.0,514766104,US,2023,0.0002223704692016,0.0,0.000667111407605,0.0,0.000667111407605,51476610
US51509F1057,19581.0,51509F105,US,2024,0.0002291499293751,0.0,0.0003448275862068,0.0,0.0003448275862068,51509F10
US5184151042,16597.0,518415104,US,2021,0.0001046901172529,0.0,0.0,0.0,0.0,51841510
US5220151063,61662.0,522015106,US,2009,0.0001232134056185,0.0,0.0,0.0,0.0,52201510
US52490G1022,36482.0,52490G102,US,2024,0.000396369900578,8.072328059412334e-05,7.316359379572725e-05,-8.072328059412334e-05,-7.559686798396095e-06,52490G10
US52567D1072,36692.0,52567D107,US,2024,0.0002240219364849,0.0,0.0001113585746102,-0.0001113585746102,0.0,52567D10
US5261071071,122380.0,526107107,US,2016,0.0008615629951527,8.9960417416325e-05,0.0005295033212917,-0.0001755182545142,0.0003539850667775,52610710
US53215T1060,5835.0,53215T106,US,2009,0.0002055076037813,0.0,0.000616522811344,0.0,0.000616522811344,53215T10
US53217R2076,160183.0,53217R207,US,2008,0.0001583782071586,0.0,7.9189103579325e-05,-7.9189103579325e-05,0.0,53217R20
US53261M1045,177315.0,53261M104,US,2021,0.0002315485952897,0.0,0.0,0.0,0.0,53261M10
US5356791047,64048.0,535679104,US,2003,0.0001438434982738,0.0,0.0001438434982738,0.0,0.0001438434982738,53567910
US53632A2015,188355.0,53632A201,DK,2020,0.0033273589502019,0.0007866754853276,0.0016340037071785,-0.0006666712129594,0.000967332494219,53632A20
US5370081045,25747.0,537008104,US,2011,0.0036374639493178,0.0001518372304889,0.0008853712704836,-0.0007564134921731,0.0001289577783105,53700810
US55261F1049,4699.0,55261F104,US,2008,0.0001016673444489,0.0,0.0,0.0,0.0,55261F10
US5526761086,6865.0,552676108,US,2009,0.0003544546563727,0.0,0.0006359096455001,0.0,0.0006359096455001,55267610
US5526761086,6865.0,552676108,US,2022,0.0013395370810259,0.0,0.0015079479616307,-0.0003076292042657,0.0012003187573649,55267610
US5529531015,14418.0,552953101,US,2008,0.0004235642510139,0.0,0.0003359371917781,-8.7627059235875e-05,0.0002483101325422,55295310
US5529531015,14418.0,552953101,US,2012,0.0002739005659014,0.0,0.0,0.0,0.0,55295310
US55314U2078,266319.0,55314U207,US,2008,0.0014388489208633,0.0,0.0,0.0,0.0,55314U20
US55315D1054,63541.0,55315D105,US,2019,0.0063367048034,0.0040947308979872,0.0031151015513613,-0.0005624735023189,0.0025526280490424,55315D10
US55315D1054,63541.0,55315D105,US,2020,0.0147250436560089,0.0068224907041578,0.0079495194702281,-0.0055494093736986,0.0024001100965294,55315D10
US55405Y1001,187740.0,55405Y100,US,2007,0.0001380452788514,0.0,0.0,0.0,0.0,55405Y10
US55406W1036,37605.0,55406W103,DE,2024,0.0001083188908145,0.0,0.0001083188908145,0.0,0.0001083188908145,55406W10
US5588681057,27716.0,558868105,US,2013,0.000268817204301,0.0,0.000268817204301,-0.0001344086021505,0.0001344086021505,55886810
US55933J2033,233491.0,55933J203,LU,2017,0.0014876249150076,0.0,0.000748189733899,-0.000295624753646,0.0004525649802529,55933J20
US55933J2033,233491.0,55933J203,LU,2019,0.0035896514780344,0.0,0.0019182167396786,-0.000321561797261,0.0015966549424176,55933J20
US5627501092,109826.0,562750109,US,2021,0.000213589644554,0.0,0.0001095530236634,0.0,0.0001095530236634,56275010
US5658491064,7017.0,565849106,US,2020,0.0015428092621527,0.0001462476464138,0.0003691505763413,-0.0005921401897452,-0.0002229896134039,56584910
US56782V1070,21873.0,56782V107,US,2023,0.0005594695817127,0.0,0.000383435582822,-0.0001624431448992,0.0002209924379228,56782V10
US5717481023,7065.0,571748102,US,2005,0.0002104429421328,0.0,0.0001479273132256,-6.2515628907225e-05,8.54116843184e-05,57174810
US5732841060,29733.0,573284106,US,2022,0.0021311712275581,0.0001467365465348,0.0007312966671138,-0.0001381818287325,0.0005931148383812,57328410
US5745991068,7085.0,574599106,US,2017,0.0001666666666666,0.0,0.0003333333333333,0.0,0.0003333333333333,57459910
US5747951003,177881.0,574795100,US,2007,0.0005694746244666,0.0,0.0003890343501973,0.0,0.0003890343501973,57479510
US5763231090,2497.0,576323109,US,2003,0.001527454974082,0.0001054852320675,0.0012109992778795,-0.0001054852320675,0.001105514045812,57632310
US5771281012,30477.0,577128101,US,2024,0.0024505304148445,0.0,0.0008688489252711,-0.0008079895398468,6.085938542426574e-05,57712810
US5797931004,160338.0,579793100,US,2010,0.0001039501039501,0.0,0.0,0.0,0.0,57979310
US5833341077,11446.0,583334107,US,2009,0.0008537201450986,0.0,0.0003848522167487,-0.0003052437077314,7.960850901732504e-05,58333410
US58471A1051,182308.0,58471A105,US,2013,0.000348834825225,0.0,0.0002045826513911,-0.0001372168565561,6.7365794835025e-05,58471A10
US58502B1061,61325.0,58502B106,US,2023,0.0002099076406381,0.0,0.0,-0.000104953820319,-0.000104953820319,58502B10
US58605Q1094,20168.0,58605Q109,US,2015,0.0004664150418028,0.0,0.0,0.0,0.0,58605Q10
US5872001061,7251.0,587200106,US,2011,0.0008325461677787,0.0,0.0,0.0,0.0,58720010
US5893781089,66393.0,589378108,US,2021,0.0007952288827432,0.0003285593739967,0.0006253996674766,-0.0003285593739967,0.0002968402934798,58937810
US5894331017,7260.0,589433101,US,2019,0.0004448398576512,0.0,0.0002224199288256,0.0,0.0002224199288256,58943310
US59001A1025,14790.0,59001A102,US,2018,0.0012904764822194,0.0,0.0012838226389712,-0.0002658631690889,0.0010179594698822,59001A10
US5949181045,12141.0,594918104,US,2016,0.0001432664756446,0.0,7.1633237822325e-05,0.0,7.1633237822325e-05,59491810
US5949181045,12141.0,594918104,US,2018,0.0003692903830014,0.0,0.0004383584233949,0.0,0.0004383584233949,59491810
US5949603048,63531.0,594960304,US,2004,0.0005117200405271,0.0,0.0002209365005459,-0.0002205034615405,4.330390053749941e-07,59496030
US5949603048,63531.0,594960304,US,2020,0.0013325088244405,0.0,0.0005927682276229,-7.409602845285e-05,0.0005186721991701,59496030
US5950171042,27965.0,595017104,US,2012,0.0003101137489441,0.0,0.0003081664098613,0.0,0.0003081664098613,59501710
US5951371005,7346.0,595137100,US,2005,0.0001303441084462,0.0,6.51720542231375e-05,0.0,6.51720542231375e-05,59513710
US59804T4076,194755.0,59804T407,US,2018,0.0002104377104377,0.0,0.0002104377104377,0.0,0.0002104377104377,59804T40
US59870L1061,23569.0,59870L106,US,2018,0.0006926919458997,0.0,0.0002093802345058,-0.0003426251610281,-0.0001332449265222,59870L10
US6005441000,7401.0,600544100,US,2004,0.0001723208143916,0.0,0.0,0.0,0.0,60054410
US6026751007,175612.0,602675100,CN,2010,0.0002627497385286,0.0,0.0001766319293656,0.0,0.0001766319293656,60267510
US6026751007,175612.0,602675100,CN,2011,0.0003346094339512,0.0,0.0001642240872996,-8.119519324455e-05,8.3028894055125e-05,60267510
US6031581068,25870.0,603158106,US,2024,0.0036273248317062,6.559958016268695e-05,0.0010171279210237,-0.000798722159516,0.0002184057615077,60315810
US60855R1005,152149.0,60855R100,US,2018,0.0002140802675807,0.0,0.0001395868230039,0.0,0.0001395868230039,60855R10
US60877T1007,264414.0,60877T100,US,2017,0.000248508946322,0.0,0.0,-0.000248508946322,-0.000248508946322,60877T10
US6097201072,7525.0,609720107,US,2019,0.0003887310069211,0.0,0.0,-0.0001398992725237,-0.0001398992725237,60972010
US6102361010,24350.0,610236101,US,2020,0.0003549745642416,0.0,0.0001529815666655,0.0,0.0001529815666655,61023610
US61174X1090,24316.0,61174X109,US,2022,0.0052743541046193,8.2290980908475e-05,0.0008568299272261,-0.0001645819618169,0.0006922479654091,61174X10
US6153942023,7549.0,615394202,US,2019,0.0022135726367606,0.0,0.0002858168519446,-0.0007816847367909,-0.0004958678848462,61539420
US62010U1016,11850.0,62010U101,US,2006,0.0007139468689749,0.0,0.0002559096309637,-0.0002287701317715,2.71394991922e-05,62010U10
US62011B2016,37674.0,62011B201,US,2023,0.0005200822312908,0.0001764290755116,0.0001764290755116,-0.0001672240802675,9.204995244074994e-06,62011B20
US62482R1077,13888.0,62482R107,US,2020,0.0001589735711854,0.0,0.0002480366278295,-0.0001398210290827,0.0001082155987468,62482R10
US6287821044,7798.0,628782104,US,2003,0.0001687526071409,0.0,0.0,0.0,0.0,62878210
US6288771024,31005.0,628877102,US,2019,8.96700143472e-05,0.0,0.0,0.0,0.0,62887710
US6293775085,135990.0,629377508,US,2022,0.0093874976783116,0.0005909402135009,0.0027272285257371,-0.0012016215165374,0.0015256070091996,62937750
US6294106066,21232.0,629410606,US,2016,0.0001951600312256,0.0,0.0,0.0,0.0,62941060
US6294452064,21743.0,629445206,US,2009,0.0020094432383253,0.0,0.000559284116331,-0.0007457121551081,-0.000186428038777,62944520
US62945V1098,17277.0,62945V109,US,2019,0.0070752998472208,0.0003004807692307,0.0031385498458312,-0.0009218316234345,0.0022167182223967,62945V10
US6295791031,7938.0,629579103,US,2005,0.0002048332796695,0.0001087902523933,0.0002881290818286,0.0,0.0002881290818286,62957910
US6300791018,65937.0,630079101,US,2019,0.0003835046715285,0.0,0.0003835046715285,-0.0004887678294232,-0.0001052631578947,63007910
US6311031081,149337.0,631103108,US,2009,0.0004293232038043,0.0,9.3040565686625e-05,0.0,9.3040565686625e-05,63110310
US6376401039,7772.0,637640103,US,2006,0.0008980757311606,0.0,0.0005538768462948,0.0,0.0005538768462948,63764010
US6389041020,17074.0,638904102,US,2006,0.0004203446826397,0.0001050861706599,0.0002101723413198,-0.0002101723413198,0.0,63890410
US6389041020,17074.0,638904102,US,2015,0.0010059756937846,0.0001823486506199,0.0003003003003003,-0.0005233267428643,-0.000223026442564,63890410
US64081V1098,39703.0,64081V109,US,2023,0.0004502916948393,0.0,6.5910888478775e-05,0.0,6.5910888478775e-05,64081V10
US64104X1081,160364.0,64104X108,US,2004,0.0004710315591144,0.0,0.0,0.0,0.0,64104X10
US6412557083,160488.0,641255708,US,2009,9.58588957055e-05,0.0,0.000191717791411,0.0,0.000191717791411,64125570
US64126X2018,163629.0,64126X201,US,2016,0.0002777402418383,0.0,0.0,0.0,0.0,64126X20
US6501111073,7866.0,650111107,US,2002,8.891259891523333e-05,0.0,8.891259891523333e-05,0.0,8.891259891523333e-05,65011110
US6512291062,7875.0,651229106,US,2005,0.0003311403932271,9.4948727687025e-05,9.4948727687025e-05,-9.4948727687025e-05,0.0,65122910
US6512291062,7875.0,651229106,US,2023,0.000383553446051,0.0,0.0001493979668128,-0.0002314275455642,-8.202957875142501e-05,65122910
US6541061031,7906.0,654106103,US,2004,0.000559521859765,0.0,0.0004100393315221,-0.0001435302779675,0.0002665090535546,65410610
US65473P1057,7974.0,65473P105,US,2023,0.011345536090711,7.95418390073e-05,0.0058266538652539,-0.0025763954861153,0.0032502583791385,65473P10
US65528N2045,38416.0,65528N204,US,2023,0.0002705627705627,0.0,0.0,-0.0002705627705627,-0.0002705627705627,65528N20
US65715D2099,25033.0,65715D209,US,2008,0.0001133786848072,0.0,0.0,0.0,0.0,65715D20
US6658591044,7982.0,665859104,US,2009,0.0002936052966324,7.6522803795525e-05,7.6522803795525e-05,0.0,7.6522803795525e-05,66585910
US67018T1051,64028.0,67018T105,US,2015,0.0003825876756303,0.0,0.0,0.0,0.0,67018T10
US67019E1073,2328.0,67019E107,US,2010,0.0090708264404451,0.0002789400278939,0.0019800088898358,-0.0017376506588396,0.0002423582309961,67019E10
US67103H1077,28180.0,67103H107,US,2017,0.0009172379299219,0.0,0.0003711043010765,-0.0010536211091341,-0.0006825168080576,67103H10
US67401P1084,180193.0,67401P108,US,2016,0.0002686727565824,0.0,0.0001343363782912,0.0,0.0001343363782912,67401P10
US6745991058,8068.0,674599105,US,2002,0.0009227242795487,0.0,7.652280379551666e-05,0.0,7.652280379551666e-05,67459910
US6748705067,260737.0,674870506,US,2017,0.0049301968845673,0.0,0.0018345033184274,-0.0009071413775876,0.0009273619408397,67487050
US6802771005,19150.0,680277100,US,2024,0.0001211827435773,0.0,0.0,0.0,0.0,68027710
US68278B1070,50290.0,68278B107,US,2024,0.0002938583602703,0.0,0.0001469291801351,0.0,0.0001469291801351,68278B10
US68372A1043,182387.0,68372A104,US,2010,9.331840238895e-05,0.0,9.331840238895e-05,0.0,9.331840238895e-05,68372A10
US68375Q4038,140030.0,68375Q403,US,2009,0.0001794687724335,0.0,0.0,0.0,0.0,68375Q40
US68555P1003,175004.0,68555P100,US,2006,0.0008684324793747,0.0,0.0,0.0,0.0,68555P10
US68752L1008,27555.0,68752L100,US,2021,9.8347757671125e-05,0.0,0.0,0.0,0.0,68752L10
US68752L1008,27555.0,68752L100,US,2023,0.0007361209223602,9.3109869646175e-05,9.3109869646175e-05,-0.0001862197392923,-9.3109869646175e-05,68752L10
US68752M1080,28380.0,68752M108,US,2020,0.0003114357441166,0.0,0.000223114680946,-9.7962382445125e-05,0.0001251522985008,68752M10
US6882392011,11721.0,688239201,US,2019,0.0005691018650496,0.0,0.0,-0.0001717981805877,-0.0001717981805877,68823920
US6907321029,8213.0,690732102,US,2010,8.6926286509025e-05,0.0,0.0,0.0,0.0,69073210
US6907421019,8214.0,690742101,US,2019,0.000712249430425,6.400409626215e-05,0.0001937112148633,-0.0002594142372023,-6.5703022339025e-05,69074210
US69120X1072,39255.0,69120X107,US,2023,0.0001420454545454,0.0,0.0,0.0,0.0,69120X10
US69181V1070,157452.0,69181V107,US,2019,0.0002762430939226,0.0,0.0,0.0,0.0,69181V10
US69323K1007,31674.0,69323K100,US,2015,0.0003930152423696,0.0,0.0007860304847392,0.0,0.0007860304847392,69323K10
US69329Y1047,24878.0,69329Y104,US,2011,0.0002579979360165,0.0,0.0,0.0,0.0,69329Y10
US69336V1017,174049.0,69336V101,US,2011,0.0013359382573894,0.0,0.001466723745617,0.0,0.001466723745617,69336V10
US69351T1060,8455.0,69351T106,US,2007,0.0062498799754285,0.0005334302289916,0.0021456609899378,-0.0006025004723356,0.0015431605176022,69351T10
US6936561009,8551.0,693656100,US,2022,0.0002343182119515,0.0,0.0001578889854153,-7.6429226536225e-05,8.14597588791e-05,69365610
US7045511000,142460.0,704551100,US,2012,0.0020759397076725,7.4117995849375e-05,0.0002994955207978,-0.0006909223412163,-0.0003914268204185,70455110
US71343P2002,5824.0,71343P200,US,2002,0.0005906088820069,0.0003748125937031,0.0005906088820069,0.0,0.0005906088820069,71343P20
US71343P2002,5824.0,71343P200,US,2009,0.0001699693732858,0.0,0.0001699693732858,0.0,0.0001699693732858,71343P20
US71375U1016,122394.0,71375U101,US,2008,0.0002854172119392,0.0,0.0001017087062652,0.0,0.0001017087062652,71375U10
US7141572039,25979.0,714157203,US,2006,0.0047036688617121,0.0,0.0018814675446848,-0.0004703668861712,0.0014111006585136,71415720
US71601V1052,37502.0,71601V105,US,2022,0.0004443085580309,0.0,6.5841453779275e-05,0.0,6.5841453779275e-05,71601V10
US7170811035,8530.0,717081103,US,2011,0.0002066183994486,0.0,0.0,0.0,0.0,71708110
US7171241018,61871.0,717124101,US,2007,7.80762023735e-05,0.0,0.0,-7.80762023735e-05,-7.80762023735e-05,71712410
US71844V2016,26839.0,71844V201,US,2023,8.445945945945e-05,0.0,0.0,0.0,0.0,71844V20
US71910C1036,187165.0,71910C103,CN,2015,0.0004780694324839,0.0,0.0,0.0,0.0,71910C10
US72341T1034,35617.0,72341T103,US,2019,0.0005538631957906,0.0,0.0002769315978953,0.0,0.0002769315978953,72341T10
US7237871071,14359.0,723787107,US,2013,8.347245409015e-05,0.0,0.0001669449081803,0.0,0.0001669449081803,72378710
US7291321005,12945.0,729132100,US,2022,0.0010370810290291,0.0,0.0003594568364999,0.0,0.0003594568364999,72913210
US7392761034,66032.0,739276103,US,2009,0.0068017074571368,0.0,0.0064812799337506,-0.002164916083576,0.0043163638501744,73927610
US74112D1019,162335.0,74112D101,US,2010,0.0001056189269117,0.0,0.0,0.0,0.0,74112D10
US74621T2096,63448.0,74621T209,US,2019,0.0006317119393556,0.0,0.0003158559696778,0.0,0.0003158559696778,74621T20
US7479065010,8867.0,747906501,US,2006,0.0002595769220182,0.0,7.088176920895e-05,-0.0002356267672007,-0.0001647449979918,74790650
US7490561070,8881.0,749056107,US,2006,0.0007023801501192,0.0,0.0004508710957932,0.0,0.0004508710957932,74905610
US74971D1019,15111.0,74971D101,US,2009,0.0001667778519012,0.0,8.3388925950625e-05,-8.3388925950625e-05,0.0,74971D10
US75281A1097,6788.0,75281A109,US,2005,0.0003415085085832,0.0,6.6595631326575e-05,-6.6595631326575e-05,0.0,75281A10
US7547301090,8898.0,754730109,US,2011,0.00022889307738,0.0,0.0,0.0,0.0,75473010
US7551115071,8972.0,755111507,US,2013,0.0009013803021967,0.0001801152737752,0.0002713336046669,-0.0003583563321795,-8.702272751262501e-05,75511150
US75524B1044,164557.0,75524B104,US,2015,0.0003584229390681,0.0,0.0,0.0,0.0,75524B10
US75606N1090,184797.0,75606N109,US,2019,0.0003490712125864,0.0,0.0001610305958132,-0.0001880406167732,-2.701002096000001e-05,75606N10
US75737F1084,32102.0,75737F108,US,2020,0.0002117859129826,0.0,6.5928270042175e-05,-7.2928821470225e-05,-7.000551428049999e-06,75737F10
US76010Y1038,39819.0,76010Y103,US,2022,0.000837627629232,0.0,0.0003804714515022,-0.0001522533495736,0.0002282181019285,76010Y10
US7601122010,23898.0,760112201,US,2009,0.0196506645028792,0.0,0.0054015628761638,-0.0017195180663968,0.003682044809767,76011220
US7611521078,31887.0,761152107,US,2023,0.0001952556632685,0.0,6.4532782653575e-05,0.0,6.4532782653575e-05,76115210
US7613301099,19471.0,761330109,US,2024,0.0001174122343548,0.0,0.0,0.0,0.0,76133010
US76169B1026,180474.0,76169B102,US,2015,0.0010989406161379,0.0,0.0009261864793735,0.0,0.0009261864793735,76169B10
US76658B1008,21138.0,76658B100,US,2014,0.0004950495049504,0.0,0.0007425742574257,0.0,0.0007425742574257,76658B10
US7685731074,174317.0,768573107,US,2011,8.561643835615e-05,0.0,8.561643835615e-05,0.0,8.561643835615e-05,76857310
US7714971048,24304.0,771497104,US,2012,0.0005581802681582,0.0,0.0,-0.0003126007003782,-0.0003126007003782,77149710
US7751331015,9216.0,775133101,US,2016,0.0096649789033359,0.0013202453177882,0.0083815734757657,-0.0014796226754363,0.0069019508003292,77513310
US7792681014,199456.0,779268101,US,2013,0.0002265551797754,0.0,0.0001167133520074,0.0,0.0001167133520074,77926810
US7818462092,63000.0,781846209,US,2015,0.0005428969964287,0.0,0.0001530832699879,0.0,0.0001530832699879,78184620
US7838591011,19570.0,783859101,US,2015,0.0003579098067287,0.0,0.0,0.0,0.0,78385910
US78410G1040,121382.0,78410G104,US,2012,0.000192071635125,0.0,0.0,0.0,0.0,78410G10
US78464W1045,63291.0,78464W104,US,2011,0.0005298630487715,0.0,0.00043630017452,0.0,0.00043630017452,78464W10
US78471M1071,137667.0,78471M107,US,2005,0.0007725431363166,0.0,0.0003081452031724,0.0,0.0003081452031724,78471M10
US80007P8692,176899.0,80007P869,US,2015,0.0004768335657951,0.0001450650042701,7.36160188457e-05,-7.14489854244e-05,2.1670334213000104e-06,80007P86
US80007P8692,176899.0,80007P869,US,2017,0.0001694628029147,0.0,0.0,0.0,0.0,80007P86
US80283M1018,18306.0,80283M101,US,2017,0.0003794330836906,6.7824199674425e-05,0.0001521606816798,-0.0001677043435018,-1.5543661821975014e-05,80283M10
US8064071025,61494.0,806407102,US,2017,7.6452599388375e-05,0.0,7.6452599388375e-05,0.0,7.6452599388375e-05,80640710
US81578P1066,37425.0,81578P106,US,2024,0.000197316495659,0.0,0.000197316495659,-9.865824782951856e-05,9.865824782951856e-05,81578P10
US8173374054,128663.0,817337405,US,2003,0.0001677852348993,0.0,0.0,0.0,0.0,81733740
US81761L1026,61188.0,81761L102,US,2024,0.000136165577342,0.0,0.0,0.0,0.0,81761L10
US82312B1061,9664.0,82312B106,US,2010,0.0001022494887525,0.0,0.0,0.0,0.0,82312B10
US8288061091,29389.0,828806109,US,2008,8.18062827225e-05,0.0,0.0,0.0,0.0,82880610
US82900L1026,27576.0,82900L102,US,2024,0.0003956178259484,0.0,0.0002456035462653,0.0,0.0002456035462653,82900L10
US8293921099,177981.0,829392109,US,2016,0.000440722785368,0.0,0.0,0.0,0.0,82939210
US82981J1097,27780.0,82981J109,US,2008,0.0001127395715896,0.0,0.0,0.0,0.0,82981J10
US8305661055,121142.0,830566105,US,2003,0.0002857539072071,0.0,0.000285062713797,-0.0002857539072071,-6.911934101749986e-07,83056610
US8305661055,121142.0,830566105,US,2020,7.122507122505e-05,0.0,0.0,0.0,0.0,83056610
US8305661055,121142.0,830566105,US,2021,8.3333333333325e-05,0.0,0.0,0.0,0.0,83056610
US83172F2039,177031.0,83172F203,CN,2011,0.0040736987362824,0.0,0.0027971363186968,-0.0032856403972475,-0.0004885040785507,83172F20
US83545R2076,109186.0,83545R207,US,2010,0.0004035184858069,0.0,0.0,-0.0001139990880072,-0.0001139990880072,83545R20
US8354601069,29709.0,835460106,US,2009,0.0002328394638804,0.0,0.0,0.0,0.0,83546010
US8378411057,17640.0,837841105,US,2009,0.00029104187161,0.0001153136531365,0.0001153136531365,-0.000210370687357,-9.5057034220525e-05,83784110
US8425871071,9850.0,842587107,US,2006,0.0072384019286563,0.0006172839506172,0.001623541142672,-0.0012692476976612,0.0003542934450107,84258710
US8425871071,9850.0,842587107,US,2023,0.0095827691860434,0.0002107925801011,0.0069553217560297,-0.001586064911722,0.0053692568443077,84258710
US84265V1052,61811.0,84265V105,US,2007,0.0002782415136338,0.0,0.0001391207568169,0.0,0.0001391207568169,84265V10
US8433801060,30055.0,843380106,US,2024,0.0003491882257386,0.0,0.0003419972640218,0.0,0.0003419972640218,84338010
US8447411088,9882.0,844741108,US,2002,9.39408172851e-05,0.0,0.0,0.0,0.0,84474110
US8448951025,9890.0,844895102,US,2009,0.0012444896534268,0.0,0.0,0.0,0.0,84489510
US8465111032,20740.0,846511103,US,2015,0.0042053600521342,0.0,0.0010416666666666,-0.0006944444444444,0.0003472222222222,84651110
US84857L1017,6547.0,84857L101,US,2014,0.0030097764701585,0.0001343363782912,0.0007844484046665,0.0,0.0007844484046665,84857L10
US8523123052,9969.0,852312305,US,2010,8.1063553826175e-05,0.0,0.0,0.0,0.0,85231230
US85254C3051,63874.0,85254C305,US,2011,0.0002549215653718,0.0,0.0002319109461966,-0.0001389660922734,9.2944853923175e-05,85254C30
US8536661056,10000.0,853666105,US,2018,0.0020846819860608,0.0,0.000800277236687,-0.0001516990291262,0.0006485782075608,85366610
US85569C1071,298036.0,85569C107,US,2012,0.0004851228978007,0.0,0.0,-0.0003234152652005,-0.0003234152652005,85569C10
US8584951045,63424.0,858495104,US,2007,0.0004683646227871,0.0,0.0,-0.0001557632398753,-0.0001557632398753,85849510
US85916J4094,160375.0,85916J409,US,2011,0.0002110108194312,0.0,0.0002110108194312,-0.0001768033946251,3.420742480610001e-05,85916J40
US8592411016,5559.0,859241101,US,2015,0.0005296610169491,0.0,0.0,-0.0005296610169491,-0.0005296610169491,85924110
US8666151076,111579.0,866615107,US,2008,0.0001310959622443,0.0,0.0,0.0,0.0,86661510
US8666831057,38038.0,866683105,US,2021,0.0001497454327643,0.0,0.0,0.0,0.0,86668310
US8676524064,165051.0,867652406,US,2015,0.0102213360989863,0.0004727765296682,0.0037986697639842,-0.0003363842244018,0.0034622855395824,86765240
US86765K1097,12892.0,86765K109,US,2016,0.0017031151186871,0.0,0.0006384221179674,-0.0001334044823906,0.0005050176355768,86765K10
US8715031089,15855.0,871503108,US,2003,0.000617937543736,0.0,0.0004197644240904,-0.0001818366862888,0.0002379277378015,87150310
US87155S1087,126601.0,87155S108,US,2006,0.0011573352054204,0.0,0.0004577584738545,0.0,0.0004577584738545,87155S10
US87159A1034,192856.0,87159A103,US,2003,0.0002962129230433,0.0,7.4338388343725e-05,-7.4338388343725e-05,0.0,87159A10
US8716302083,64626.0,871630208,US,2010,0.0105785018699714,0.0007378522945282,0.0017425847598598,-0.002810306755856,-0.0010677219959961,87163020
US8726251080,10297.0,872625108,US,2009,0.0075384101232047,0.0007668279407051,0.0042232461790143,-0.0029688754950616,0.0012543706839527,87262510
US87265K1025,19974.0,87265K102,US,2021,0.0002254283137962,0.0,7.51427712654e-05,0.0,7.51427712654e-05,87265K10
US8740541094,64630.0,874054109,US,2016,0.0001023751023751,0.0,0.0001023751023751,0.0,0.0001023751023751,87405410
US87724P1066,16653.0,87724P106,US,2021,0.0008781650591069,0.0001354541584426,0.0007590251876923,-7.0145903479225e-05,0.0006888792842131,87724P10
US87817A1079,183684.0,87817A107,US,2011,0.0002976679954367,0.0,0.0002950356905732,0.0,0.0002950356905732,87817A10
US87876P2011,18114.0,87876P201,US,2015,0.0190704029706431,0.0008494733265375,0.0037705519163966,-0.0040179541924976,-0.0002474022761009,87876P20
US8793691069,10407.0,879369106,US,2010,8.46310088016e-05,0.0,8.46310088016e-05,0.0,8.46310088016e-05,87936910
US8794338298,10411.0,879433829,US,2024,0.000104887770086,0.0,0.000104887770086,0.0,0.000104887770086,87943382
US88033G4073,7750.0,88033G407,US,2001,0.0003174603174603,0.0003174603174603,0.0,-0.0003174603174603,-0.0003174603174603,88033G40
US88160R1014,184996.0,88160R101,US,2015,0.0073413254129146,0.0001617599482368,0.0014251535463555,-0.0012735182465285,0.000151635299827,88160R10
US88162G1031,24783.0,88162G103,US,2021,0.0164133339116839,0.0004518853436631,0.0046465638611292,-0.0013773890768941,0.003269174784235,88162G10
US8824911031,10498.0,882491103,US,2009,0.0017337928516772,0.0,0.0002607731885482,-0.0005440486034765,-0.0002832754149282,88249110
US8825081040,10499.0,882508104,US,2022,0.0005387931034482,0.0,0.000134698275862,0.0,0.000134698275862,88250810
US88339P1012,35288.0,88339P101,US,2020,0.0002440611780019,0.0,0.0,-8.135372600065e-05,-8.135372600065e-05,88339P10
US8843151023,10540.0,884315102,US,2005,0.0010954726030888,0.0,0.0004664179104477,-0.0002491280518186,0.0002172898586291,88431510
US88675P1030,39185.0,88675P103,US,2023,0.0083565459610027,0.0,0.006267409470752,0.0,0.006267409470752,88675P10
US88870P1066,64480.0,88870P106,US,2007,3.998240774058889e-05,0.0,0.0,0.0,0.0,88870P10
US8923561067,29736.0,892356106,US,2006,8.074935400515e-05,0.0,0.0,0.0,0.0,89235610
US8935291075,10685.0,893529107,US,2024,0.0001408450704225,0.0,0.0,0.0,0.0,89352910
US89469A1043,163983.0,89469A104,US,2014,6.0518034374225e-05,0.0,0.0,0.0,0.0,89469A10
US89532E1091,18925.0,89532E109,US,2022,0.0001354279523293,0.0,0.0,-0.0001354279523293,-0.0001354279523293,89532E10
US89674K1034,29386.0,89674K103,US,2007,0.0011158589554466,0.0,0.0004312823461759,0.0,0.0004312823461759,89674K10
US89853L3024,21033.0,89853L302,US,2024,0.0004867813573314,0.0001168224299065,0.0003699589274248,-0.0004672897196261,-9.733079220130657e-05,89853L30
US89854H1023,63417.0,89854H102,US,2020,0.0001648714003077,0.0,0.0001648714003077,-5.49571334359e-05,0.0001099142668718,89854H10
US9011091082,8486.0,901109108,US,2017,0.0025614269768367,0.0,0.001040418530461,-0.0003791708796764,0.0006612476507846,90110910
US9024941034,10793.0,902494103,US,2016,8.5557837097875e-05,0.0,0.0,-8.5557837097875e-05,-8.5557837097875e-05,90249410
US90262T3086,115566.0,90262T308,US,2009,0.0005204251546998,0.0,0.0002602125773499,-0.0004067112588617,-0.0001464986815118,90262T30
US90328M1071,63863.0,90328M107,US,2005,0.0003349987751681,0.0,0.0,0.0,0.0,90328M10
US90341W1080,1382.0,90341W108,US,2003,0.0002234137622877,0.0,5.5853440571933335e-05,-5.5853440571933335e-05,0.0,90341W10
US90346E1038,181989.0,90346E103,US,2017,0.0003320224342698,0.0,0.0001627604166666,0.0,0.0001627604166666,90346E10
US9043111072,165052.0,904311107,US,2013,6.6120074054475e-05,0.0,0.0,0.0,0.0,90431110
US9078181081,10867.0,907818108,US,2021,0.0024566944624031,0.0,0.0014473799703904,-0.00044818826504,0.0009991917053504,90781810
US90915J1034,22180.0,90915J103,US,2021,0.0006908207355594,0.0,0.0004547716976134,-0.0009604351280341,-0.0005056634304207,90915J10
US9092143067,2504.0,909214306,US,2007,0.0005064367873434,0.0,0.0002197242311907,-6.9969213546025e-05,0.0001497550176447,90921430
US9130171096,10983.0,913017109,US,2013,0.0007395234624865,0.0001624467610347,0.0003460207612456,-0.0003248935220694,2.112723917622501e-05,91301710
US91307C1027,121440.0,91307C102,US,2022,0.0004334281558636,0.0,0.000157331655129,0.0,0.000157331655129,91307C10
US9132591077,10999.0,913259107,US,2019,0.0064381796430135,0.0002183406113537,0.0009500479284268,-0.0009244861007561,2.556182767067501e-05,91325910
US91347P1057,25274.0,91347P105,US,2020,0.0007758345206839,0.0,0.0009012385284408,-0.0001176470588235,0.0007835914696173,91347P10
US9134831034,27828.0,913483103,US,2019,0.0003307847776851,0.0,0.0006615695553704,0.0,0.0006615695553704,91348310
US9137881051,176325.0,913788105,US,2008,0.0026860880327827,0.0,0.0,0.0,0.0,91378810
US9173131080,116209.0,917313108,US,2019,0.0004828585224529,0.0,0.0002414292612264,0.0,0.0002414292612264,91731310
US91829F1049,13354.0,91829F104,US,2003,0.0011226494527083,0.0,0.0005613247263541,0.0,0.0005613247263541,91829F10
US92335C1062,185195.0,92335C106,US,2021,0.0011073997387358,0.0,0.0013323315205704,0.0,0.0013323315205704,92335C10
US92337F1075,18947.0,92337F107,US,2023,9.9920063948825e-05,0.0,0.0,0.0,0.0,92337F10
US9234541020,19858.0,923454102,US,2023,0.0014210803546237,0.0,0.0007105401773118,-0.0006858710562414,2.466912107045e-05,92345410
US9252843092,63281.0,925284309,US,2003,9.36592675845e-05,0.0,0.0,0.0,0.0,92528430
US9252971034,12804.0,925297103,US,2011,0.001504596124396,0.0,0.0003477497961544,-0.0006023322808794,-0.000254582484725,92529710
US92536C1036,22817.0,92536C103,US,2024,0.0002057903882785,0.0,0.0002057903882785,-0.0002057903882785,0.0,92536C10
US92552R4065,160785.0,92552R406,US,2019,0.0003897359985695,0.0,0.0003924019171384,0.0,0.0003924019171384,92552R40
US9256521090,32580.0,925652109,US,2023,0.0001566856570238,0.0,0.0,0.0,0.0,92565210
US9258151029,21238.0,925815102,US,2009,0.0023097080349316,0.0002098195551825,0.0012585261084797,-0.0001207146306132,0.0011378114778665,92581510
US92645B1035,21799.0,92645B103,US,2018,0.0001969525576915,0.0,0.0,0.0,0.0,92645B10
US92833U2024,178975.0,92833U202,KY,2015,0.0006901311249137,0.0003450655624568,0.0,-0.0003450655624568,-0.0003450655624568,92833U20
US92839U2069,136648.0,92839U206,US,2013,0.0031427038020684,0.0,0.0014898254878314,-0.0004070744070743,0.001082751080757,92839U20
US92839U2069,136648.0,92839U206,US,2022,0.0041940822268014,0.0,0.0021771514882563,-0.0003120361439388,0.0018651153443175,92839U20
US9284973040,24803.0,928497304,US,2004,0.0004406939672516,0.0,0.0002066115702479,-0.0001033057851239,0.0001033057851239,92849730
US92912L1070,18748.0,92912L107,DE,2018,0.0006879240621967,0.0,0.0002736726874657,0.0,0.0002736726874657,92912L10
US9291601097,11228.0,929160109,US,2024,0.0007889055245035,0.0,0.0001110124333925,-0.0001065643648763,4.448068516154632e-06,92916010
US92923C1045,145186.0,92923C104,,2002,0.0004127115146512,0.0,0.0,0.0,0.0,92923C10
US92939U1060,11550.0,92939U106,US,2012,0.0289661688198984,0.0007504823580425,0.005107858256361,-0.0031551673560343,0.0019526909003267,92939U10
US9297401088,60979.0,929740108,US,2018,0.00148196090457,0.0,0.0007067288332327,-9.218289085545e-05,0.0006145459423772,92974010
US9396531017,11301.0,939653101,US,2012,0.0005417118093174,0.0,0.0002708559046587,0.0,0.0002708559046587,93965310
US94106L1098,14477.0,94106L109,US,2007,0.0004735881811297,0.0,0.0003332201955105,-7.28226041363e-05,0.0002603975913742,94106L10
US94106L1098,14477.0,94106L109,US,2022,0.0040504047132153,0.0,0.0022777647465306,-0.0004499198385455,0.001827844907985,94106L10
US9427491025,12445.0,942749102,US,2021,0.0025707615626676,0.0,0.0011141268033374,0.0,0.0011141268033374,94274910
US94767L1098,134164.0,94767L109,US,2002,0.0005300297449528,0.0,0.0004180602006688,-0.0001393534002229,0.0002787068004459,94767L10
US9487411038,11340.0,948741103,US,2020,0.0002204585537918,0.0,0.0001102292768959,0.0,0.0001102292768959,94874110
US95040Q1040,5543.0,95040Q104,US,2010,0.000470847636865,0.0,0.000202214466679,0.0,0.000202214466679,95040Q10
US95082P1057,120444.0,95082P105,US,2020,0.0006969108698636,0.0,0.0002518621285935,-6.46663217796e-05,0.0001871958068139,95082P10
US9542351070,29268.0,954235107,US,2005,0.0001746037930664,0.0,0.0,0.0,0.0,95423510
US9586691035,16225.0,958669103,US,2024,0.0008018721110694,0.0,0.0016641612127566,-6.50702758979698e-05,0.0015990909368586,95866910
US96181Q1013,191055.0,96181Q101,US,2008,0.0001137397634212,0.0,0.0002274795268425,0.0,0.0002274795268425,96181Q10
US9618401056,22612.0,961840105,US,2004,8.4005376344075e-05,0.0,0.0,0.0,0.0,96184010
US9692031084,63495.0,969203108,US,2016,0.0029595009434505,0.0001860119047619,0.0017376217123267,-0.0001403508771929,0.0015972708351337,96920310
US9780931021,14450.0,978093102,US,2006,0.0009070259193313,0.0,0.0002925687536571,-0.0001462843768285,0.0001462843768285,97809310
US98142V1044,61403.0,98142V104,US,2006,0.0001906767249727,0.0,0.0,0.0,0.0,98142V10
US98310W1080,174729.0,98310W108,US,2012,9.5785440613025e-05,0.0,0.0,0.0,0.0,98310W10
US98389B1008,7977.0,98389B100,US,2009,0.0108903538175611,0.0004087824395783,0.0021287665978674,-0.001841740191438,0.0002870264064293,98389B10
US98400J1088,6532.0,98400J108,US,2005,0.0003208213025344,0.0,0.0002406159769008,0.0,0.0002406159769008,98400J10
US98400J1088,6532.0,98400J108,US,2018,0.0004299226139294,0.0,0.0,0.0,0.0,98400J10
US98417K1060,65489.0,98417K106,US,2002,0.0001481042654028,0.0,0.0,-0.0001481042654028,-0.0001481042654028,98417K10
US98419J2069,12252.0,98419J206,US,2012,0.0002825583290231,0.0,0.0002830188679245,0.0,0.0002830188679245,98419J20
US98422X1019,39276.0,98422X101,US,2024,0.0002157962883038,0.0,5.394907207596029e-05,0.0,5.394907207596029e-05,98422X10
US98585X1046,27653.0,98585X104,US,2018,0.0006082725060827,0.0,0.0,-0.0003041362530413,-0.0003041362530413,98585X10
US98607B1061,178003.0,98607B106,CN,2010,0.0025673940949935,0.0,0.0008557980316645,0.0,0.0008557980316645,98607B10
US98973A1043,11687.0,98973A104,US,2005,0.0002998908664021,0.0,0.0001008643848066,0.0,0.0001008643848066,98973A10
ZAE000028296,226899.0,,ZA,2017,0.0004988937666505,0.0,0.0001707067258449,-0.0003414134516899,-0.0001707067258449,
ZAE000043485,19824.0,,ZA,2003,0.0003117896030187,0.0,0.0,0.0,0.0,
ZAE000043485,19824.0,,ZA,2023,0.0003524850193866,0.0,0.0,0.0,0.0,
ZAE000044897,152649.0,,ZA,2013,0.0003384692986425,0.0,9.926543577523334e-05,-9.926543577523334e-05,0.0,
ZAE000109088,287271.0,,ZA,2021,0.0002589331952356,0.0,0.0001294665976178,0.0,0.0001294665976178,
ZAE000227831,322838.0,,ZA,2024,0.0002940311673037,0.0,0.0,0.0,0.0,
ZAE000255360,229039.0,,ZA,2017,0.0003367003367003,0.0,0.0002244668911335,0.0,0.0002244668911335,
